v 2.64572383e-17 0.0145734523 0.0008509
v -0.000203633699 0.0145734523 0.000826174392
v -0.000395432947 0.0145734523 0.000753434532
v -0.00056425107 0.0145734523 0.000636907796
v -0.000700276971 0.0145734523 0.000483366293
v -0.000795605321 0.0145734523 0.000301733298
v -0.000844695981 0.0145734523 0.000102564661
v -0.000844695981 0.0145734523 -0.000102564661
v -0.000795605321 0.0145734523 -0.000301733298
v -0.000700276971 0.0145734523 -0.000483366293
v -0.00056425107 0.0145734523 -0.000636907796
v -0.000395432947 0.0145734523 -0.000753434532
v -0.000203633699 0.0145734523 -0.000826174392
v 2.33648993e-17 0.0145734523 -0.0008509
v 0.000203633699 0.0145734523 -0.000826174392
v 0.000395432947 0.0145734523 -0.000753434532
v 0.00056425107 0.0145734523 -0.000636907796
v 0.000700276971 0.0145734523 -0.000483366293
v 0.000795605321 0.0145734523 -0.000301733298
v 0.000844695981 0.0145734523 -0.000102564661
v 0.000844695981 0.0145734523 0.000102564661
v 0.000795605321 0.0145734523 0.000301733298
v 0.000700276971 0.0145734523 0.000483366293
v 0.00056425107 0.0145734523 0.000636907796
v 0.000395432947 0.0145734523 0.000753434532
v 0.000203633699 0.0145734523 0.000826174392
v 2.64572383e-17 0.0145734523 0.0008509
v 4.08875248e-17 0.113682348 0.0008509
v 3.87072446e-17 0.113682348 -0.0008509
v -0.000203633699 0.113682348 -0.000826174392
v -0.000395432947 0.113682348 -0.000753434532
v -0.00056425107 0.113682348 -0.000636907796
v -0.000700276971 0.113682348 -0.000483366293
v -0.000795605321 0.113682348 -0.000301733298
v -0.000844695981 0.113682348 -0.000102564661
v -0.000844695981 0.113682348 0.000102564661
v -0.000795605321 0.113682348 0.000301733298
v -0.000700276971 0.113682348 0.000483366293
v -0.00056425107 0.113682348 0.000636907796
v -0.000395432947 0.113682348 0.000753434532
v -0.000203633699 0.113682348 0.000826174392
v 4.08875248e-17 0.113682348 0.0008509
v 0.000203633699 0.113682348 0.000826174392
v 0.000395432947 0.113682348 0.000753434532
v 0.00056425107 0.113682348 0.000636907796
v 0.000700276971 0.113682348 0.000483366293
v 0.000795605321 0.113682348 0.000301733298
v 0.000844695981 0.113682348 0.000102564661
v 0.000844695981 0.113682348 -0.000102564661
v 0.000795605321 0.113682348 -0.000301733298
v 0.000700276971 0.113682348 -0.000483366293
v 0.00056425107 0.113682348 -0.000636907796
v 0.000395432947 0.113682348 -0.000753434532
v 0.000203633699 0.113682348 -0.000826174392
v 3.76760209e-17 0.1167948 -0.00198374
v -0.000474740056 0.1167948 -0.00192609612
v -0.000921889945 0.1167948 -0.00175651454
v -0.00131546294 0.1167948 -0.00148485071
v -0.00163258601 0.1167948 -0.00112689276
v -0.00185482912 0.1167948 -0.000703443899
v -0.0019692763 0.1167948 -0.000239113434
v -0.0019692763 0.1167948 0.000239113434
v -0.00185482912 0.1167948 0.000703443899
v -0.00163258601 0.1167948 0.00112689276
v -0.00131546294 0.1167948 0.00148485071
v -0.000921889945 0.1167948 0.00175651454
v -0.000474740056 0.1167948 0.00192609612
v 4.08756185e-17 0.1167948 0.00198374
v 0.000474740056 0.1167948 0.00192609612
v 0.000921889945 0.1167948 0.00175651454
v 0.00131546294 0.1167948 0.00148485071
v 0.00163258601 0.1167948 0.00112689276
v 0.00185482912 0.1167948 0.000703443899
v 0.0019692763 0.1167948 0.000239113434
v 0.0019692763 0.1167948 -0.000239113434
v 0.00185482912 0.1167948 -0.000703443899
v 0.00163258601 0.1167948 -0.00112689276
v 0.00131546294 0.1167948 -0.00148485071
v 0.000921889945 0.1167948 -0.00175651454
v 0.000474740056 0.1167948 -0.00192609612
v 3.76760209e-17 0.1167948 -0.00198374
v 3.77502529e-17 0.1173028 -0.00198374
v 3.77502529e-17 0.1173028 -0.00198374
v -0.000474740056 0.1173028 -0.00192609612
v -0.000921889945 0.1173028 -0.00175651454
v -0.00131546294 0.1173028 -0.00148485071
v -0.00163258601 0.1173028 -0.00112689276
v -0.00185482912 0.1173028 -0.000703443899
v -0.0019692763 0.1173028 -0.000239113434
v -0.0019692763 0.1173028 0.000239113434
v -0.00185482912 0.1173028 0.000703443899
v -0.00163258601 0.1173028 0.00112689276
v -0.00131546294 0.1173028 0.00148485071
v -0.000921889945 0.1173028 0.00175651454
v -0.000474740056 0.1173028 0.00192609612
v 4.09498505e-17 0.1173028 0.00198374
v 0.000474740056 0.1173028 0.00192609612
v 0.000921889945 0.1173028 0.00175651454
v 0.00131546294 0.1173028 0.00148485071
v 0.00163258601 0.1173028 0.00112689276
v 0.00185482912 0.1173028 0.000703443899
v 0.0019692763 0.1173028 0.000239113434
v 0.0019692763 0.1173028 -0.000239113434
v 0.00185482912 0.1173028 -0.000703443899
v 0.00163258601 0.1173028 -0.00112689276
v 0.00131546294 0.1173028 -0.00148485071
v 0.000921889945 0.1173028 -0.00175651454
v 0.000474740056 0.1173028 -0.00192609612
v 2.7488462e-17 0.011461 0.00198374
v -0.000474740056 0.011461 0.00192609612
v -0.000921889945 0.011461 0.00175651454
v -0.00131546294 0.011461 0.00148485071
v -0.00163258601 0.011461 0.00112689276
v -0.00185482912 0.011461 0.000703443899
v -0.0019692763 0.011461 0.000239113434
v -0.0019692763 0.011461 -0.000239113434
v -0.00185482912 0.011461 -0.000703443899
v -0.00163258601 0.011461 -0.00112689276
v -0.00131546294 0.011461 -0.00148485071
v -0.000921889945 0.011461 -0.00175651454
v -0.000474740056 0.011461 -0.00192609612
v 2.02791581e-17 0.011461 -0.00198374
v 0.000474740056 0.011461 -0.00192609612
v 0.000921889945 0.011461 -0.00175651454
v 0.00131546294 0.011461 -0.00148485071
v 0.00163258601 0.011461 -0.00112689276
v 0.00185482912 0.011461 -0.000703443899
v 0.0019692763 0.011461 -0.000239113434
v 0.0019692763 0.011461 0.000239113434
v 0.00185482912 0.011461 0.000703443899
v 0.00163258601 0.011461 0.00112689276
v 0.00131546294 0.011461 0.00148485071
v 0.000921889945 0.011461 0.00175651454
v 0.000474740056 0.011461 0.00192609612
v 2.7488462e-17 0.011461 0.00198374
v 2.741423e-17 0.010953 0.00198374
v 2.741423e-17 0.010953 0.00198374
v -0.000474740056 0.010953 0.00192609612
v -0.000921889945 0.010953 0.00175651454
v -0.00131546294 0.010953 0.00148485071
v -0.00163258601 0.010953 0.00112689276
v -0.00185482912 0.010953 0.000703443899
v -0.0019692763 0.010953 0.000239113434
v -0.0019692763 0.010953 -0.000239113434
v -0.00185482912 0.010953 -0.000703443899
v -0.00163258601 0.010953 -0.00112689276
v -0.00131546294 0.010953 -0.00148485071
v -0.000921889945 0.010953 -0.00175651454
v -0.000474740056 0.010953 -0.00192609612
v 2.02049261e-17 0.010953 -0.00198374
v 0.000474740056 0.010953 -0.00192609612
v 0.000921889945 0.010953 -0.00175651454
v 0.00131546294 0.010953 -0.00148485071
v 0.00163258601 0.010953 -0.00112689276
v 0.00185482912 0.010953 -0.000703443899
v 0.0019692763 0.010953 -0.000239113434
v 0.0019692763 0.010953 0.000239113434
v 0.00185482912 0.010953 0.000703443899
v 0.00163258601 0.010953 0.00112689276
v 0.00131546294 0.010953 0.00148485071
v 0.000921889945 0.010953 0.00175651454
v 0.000474740056 0.010953 0.00192609612
v 0.021463 0.1217478 -3.40416328e-16
v 0.0210751356 0.1217478 0.00406189946
v 0.0199255609 0.1217478 0.00797699129
v 0.0180558246 0.1217478 0.0116037739
v 0.0155335037 0.1217478 0.0148111658
v 0.0124497615 0.1217478 0.0174832437
v 0.00891605242 0.1217478 0.0195234315
v 0.00506009403 0.1217478 0.0208579917
v 0.00102125066 0.1217478 0.0214386897
v -0.00305450337 0.1217478 0.0212445376
v -0.0070198597 0.1217478 0.0202825526
v -0.0107315 0.1217478 0.0185875032
v -0.0140552759 0.1217478 0.0162206531
v -0.0168710576 0.1217478 0.0132675463
v -0.0190770752 0.1217478 0.00983491584
v -0.0205935977 0.1217478 0.00604682587
v -0.0213658139 0.1217478 0.00204018786
v -0.0213658139 0.1217478 -0.00204018786
v -0.0205935977 0.1217478 -0.00604682587
v -0.0190770752 0.1217478 -0.00983491584
v -0.0168710576 0.1217478 -0.0132675463
v -0.0140552759 0.1217478 -0.0162206531
v -0.0107315 0.1217478 -0.0185875032
v -0.0070198597 0.1217478 -0.0202825526
v -0.00305450337 0.1217478 -0.0212445376
v 0.00102125066 0.1217478 -0.0214386897
v 0.00506009403 0.1217478 -0.0208579917
v 0.00891605242 0.1217478 -0.0195234315
v 0.0124497615 0.1217478 -0.0174832437
v 0.0155335037 0.1217478 -0.0148111658
v 0.0180558246 0.1217478 -0.0116037739
v 0.0199255609 0.1217478 -0.00797699129
v 0.0210751356 0.1217478 -0.00406189946
v 0.021463 0.1217478 -3.40416328e-16
v 0.021463 0.1189538 -3.32872615e-16
v 0.021463 0.1189538 -3.32872615e-16
v 0.0210751356 0.1189538 0.00406189946
v 0.0199255609 0.1189538 0.00797699129
v 0.0180558246 0.1189538 0.0116037739
v 0.0155335037 0.1189538 0.0148111658
v 0.0124497615 0.1189538 0.0174832437
v 0.00891605242 0.1189538 0.0195234315
v 0.00506009403 0.1189538 0.0208579917
v 0.00102125066 0.1189538 0.0214386897
v -0.00305450337 0.1189538 0.0212445376
v -0.0070198597 0.1189538 0.0202825526
v -0.0107315 0.1189538 0.0185875032
v -0.0140552759 0.1189538 0.0162206531
v -0.0168710576 0.1189538 0.0132675463
v -0.0190770752 0.1189538 0.00983491584
v -0.0205935977 0.1189538 0.00604682587
v -0.0213658139 0.1189538 0.00204018786
v -0.0213658139 0.1189538 -0.00204018786
v -0.0205935977 0.1189538 -0.00604682587
v -0.0190770752 0.1189538 -0.00983491584
v -0.0168710576 0.1189538 -0.0132675463
v -0.0140552759 0.1189538 -0.0162206531
v -0.0107315 0.1189538 -0.0185875032
v -0.0070198597 0.1189538 -0.0202825526
v -0.00305450337 0.1189538 -0.0212445376
v 0.00102125066 0.1189538 -0.0214386897
v 0.00506009403 0.1189538 -0.0208579917
v 0.00891605242 0.1189538 -0.0195234315
v 0.0124497615 0.1189538 -0.0174832437
v 0.0155335037 0.1189538 -0.0148111658
v 0.0180558246 0.1189538 -0.0116037739
v 0.0199255609 0.1189538 -0.00797699129
v 0.0210751356 0.1189538 -0.00406189946
v 0.020955 0.1222558 -3.41121529e-16
v 0.0205763159 0.1222558 0.00396575983
v 0.01945395 0.1222558 0.00778818676
v 0.0176284678 0.1222558 0.0113291283
v 0.0151658468 0.1222558 0.0144606057
v 0.0121550925 0.1222558 0.0170694391
v 0.0087050216 0.1222558 0.0190613385
v 0.00494032849 0.1222558 0.0203643114
v 0.000997079046 0.1222558 0.0209312651
v -0.00298220744 0.1222558 0.0207417083
v -0.00685370917 0.1222558 0.0198024922
v -0.0104775 0.1222558 0.0181475623
v -0.0137226067 0.1222558 0.0158367323
v -0.0164717426 0.1222558 0.0129535216
v -0.0186255468 0.1222558 0.00960213676
v -0.0201061753 0.1222558 0.00590370573
v -0.0208601141 0.1222558 0.00199189939
v -0.0208601141 0.1222558 -0.00199189939
v -0.0201061753 0.1222558 -0.00590370573
v -0.0186255468 0.1222558 -0.00960213676
v -0.0164717426 0.1222558 -0.0129535216
v -0.0137226067 0.1222558 -0.0158367323
v -0.0104775 0.1222558 -0.0181475623
v -0.00685370917 0.1222558 -0.0198024922
v -0.00298220744 0.1222558 -0.0207417083
v 0.000997079046 0.1222558 -0.0209312651
v 0.00494032849 0.1222558 -0.0203643114
v 0.0087050216 0.1222558 -0.0190613385
v 0.0121550925 0.1222558 -0.0170694391
v 0.0151658468 0.1222558 -0.0144606057
v 0.0176284678 0.1222558 -0.0113291283
v 0.01945395 0.1222558 -0.00778818676
v 0.0205763159 0.1222558 -0.00396575983
v 0.00249174 0.1222558 -3.16901842e-16
v 0.00241933456 0.1222558 0.000596312413
v 0.0022063262 0.1222558 0.00115796932
v 0.00186509417 0.1222558 0.00165232925
v 0.00141546965 0.1222558 0.00205066182
v 0.000883583181 0.1222558 0.00232981737
v 0.000300346068 0.1222558 0.00247357241
v -0.000300346068 0.1222558 0.00247357241
v -0.000883583181 0.1222558 0.00232981737
v -0.00141546965 0.1222558 0.00205066182
v -0.00186509417 0.1222558 0.00165232925
v -0.0022063262 0.1222558 0.00115796932
v -0.00241933456 0.1222558 0.000596312413
v -0.00249174 0.1222558 -3.07846365e-16
v -0.00241933456 0.1222558 -0.000596312413
v -0.0022063262 0.1222558 -0.00115796932
v -0.00186509417 0.1222558 -0.00165232925
v -0.00141546965 0.1222558 -0.00205066182
v -0.000883583181 0.1222558 -0.00232981737
v -0.000300346068 0.1222558 -0.00247357241
v 0.000300346068 0.1222558 -0.00247357241
v 0.000883583181 0.1222558 -0.00232981737
v 0.00141546965 0.1222558 -0.00205066182
v 0.00186509417 0.1222558 -0.00165232925
v 0.0022063262 0.1222558 -0.00115796932
v 0.00241933456 0.1222558 -0.000596312413
v 5.92851542e-17 0.1222558 0.0138811
v 0.000665608657 0.1222558 0.0139619195
v 0.00129253456 0.1222558 0.0141996812
v 0.00184434305 0.1222558 0.0145805671
v 0.00228896503 0.1222558 0.0150824415
v 0.00260056068 0.1222558 0.0156761374
v 0.00276102119 0.1222558 0.0163271513
v 0.00276102119 0.1222558 0.0169976487
v 0.00260056068 0.1222558 0.0176486626
v 0.00228896503 0.1222558 0.0182423585
v 0.00184434305 0.1222558 0.0187442329
v 0.00129253456 0.1222558 0.0191251188
v 0.000665608657 0.1222558 0.0193628805
v 6.93929489e-17 0.1222558 0.0194437
v -0.000665608657 0.1222558 0.0193628805
v -0.00129253456 0.1222558 0.0191251188
v -0.00184434305 0.1222558 0.0187442329
v -0.00228896503 0.1222558 0.0182423585
v -0.00260056068 0.1222558 0.0176486626
v -0.00276102119 0.1222558 0.0169976487
v -0.00276102119 0.1222558 0.0163271513
v -0.00260056068 0.1222558 0.0156761374
v -0.00228896503 0.1222558 0.0150824415
v -0.00184434305 0.1222558 0.0145805671
v -0.00129253456 0.1222558 0.0141996812
v -0.000665608657 0.1222558 0.0139619195
v 1.55704337e-17 0.1222558 -0.0194437
v 0.000665608657 0.1222558 -0.0193628805
v 0.00129253456 0.1222558 -0.0191251188
v 0.00184434305 0.1222558 -0.0187442329
v 0.00228896503 0.1222558 -0.0182423585
v 0.00260056068 0.1222558 -0.0176486626
v 0.00276102119 0.1222558 -0.0169976487
v 0.00276102119 0.1222558 -0.0163271513
v 0.00260056068 0.1222558 -0.0156761374
v 0.00228896503 0.1222558 -0.0150824415
v 0.00184434305 0.1222558 -0.0145805671
v 0.00129253456 0.1222558 -0.0141996812
v 0.000665608657 0.1222558 -0.0139619195
v 2.56782285e-17 0.1222558 -0.0138811
v -0.000665608657 0.1222558 -0.0139619195
v -0.00129253456 0.1222558 -0.0141996812
v -0.00184434305 0.1222558 -0.0145805671
v -0.00228896503 0.1222558 -0.0150824415
v -0.00260056068 0.1222558 -0.0156761374
v -0.00276102119 0.1222558 -0.0163271513
v -0.00276102119 0.1222558 -0.0169976487
v -0.00260056068 0.1222558 -0.0176486626
v -0.00228896503 0.1222558 -0.0182423585
v -0.00184434305 0.1222558 -0.0187442329
v -0.00129253456 0.1222558 -0.0191251188
v -0.000665608657 0.1222558 -0.0193628805
v 0.0063246 0.0114992613 -2.28904786e-17
v 0.00614081862 0.0114992613 0.00151357585
v 0.00560015518 0.0114992613 0.00293918817
v 0.00473403108 0.0114992613 0.00419398556
v 0.0035927823 0.0114992613 0.00520504376
v 0.00224273407 0.0114992613 0.00591360373
v 0.000762346288 0.0114992613 0.00627848655
v -0.000762346288 0.0114992613 0.00627848655
v -0.00224273407 0.0114992613 0.00591360373
v -0.0035927823 0.0114992613 0.00520504376
v -0.00473403108 0.0114992613 0.00419398556
v -0.00560015518 0.0114992613 0.00293918817
v -0.00614081862 0.0114992613 0.00151357585
v -0.0063246 0.0114992613 9.43698011e-20
v -0.00614081862 0.0114992613 -0.00151357585
v -0.00560015518 0.0114992613 -0.00293918817
v -0.00473403108 0.0114992613 -0.00419398556
v -0.0035927823 0.0114992613 -0.00520504376
v -0.00224273407 0.0114992613 -0.00591360373
v -0.000762346288 0.0114992613 -0.00627848655
v 0.000762346288 0.0114992613 -0.00627848655
v 0.00224273407 0.0114992613 -0.00591360373
v 0.0035927823 0.0114992613 -0.00520504376
v 0.00473403108 0.0114992613 -0.00419398556
v 0.00560015518 0.0114992613 -0.00293918817
v 0.00614081862 0.0114992613 -0.00151357585
v 0.0063246 0.0114992613 -2.28904786e-17
v 0.0063246 0.1171758 -3.08213858e-16
v 0.00614081862 0.1171758 0.00151357585
v 0.00560015518 0.1171758 0.00293918817
v 0.00473403108 0.1171758 0.00419398556
v 0.0035927823 0.1171758 0.00520504376
v 0.00224273407 0.1171758 0.00591360373
v 0.000762346288 0.1171758 0.00627848655
v -0.000762346288 0.1171758 0.00627848655
v -0.00224273407 0.1171758 0.00591360373
v -0.0035927823 0.1171758 0.00520504376
v -0.00473403108 0.1171758 0.00419398556
v -0.00560015518 0.1171758 0.00293918817
v -0.00614081862 0.1171758 0.00151357585
v -0.0063246 0.1171758 -2.8522901e-16
v -0.00614081862 0.1171758 -0.00151357585
v -0.00560015518 0.1171758 -0.00293918817
v -0.00473403108 0.1171758 -0.00419398556
v -0.0035927823 0.1171758 -0.00520504376
v -0.00224273407 0.1171758 -0.00591360373
v -0.000762346288 0.1171758 -0.00627848655
v 0.000762346288 0.1171758 -0.00627848655
v 0.00224273407 0.1171758 -0.00591360373
v 0.0035927823 0.1171758 -0.00520504376
v 0.00473403108 0.1171758 -0.00419398556
v 0.00560015518 0.1171758 -0.00293918817
v 0.00614081862 0.1171758 -0.00151357585
v 0.0063246 0.1171758 -3.08213858e-16
v 0.020955 0.1184458 -3.30834647e-16
v 0.0205763159 0.1184458 0.00396575983
v 0.01945395 0.1184458 0.00778818676
v 0.0176284678 0.1184458 0.0113291283
v 0.0151658468 0.1184458 0.0144606057
v 0.0121550925 0.1184458 0.0170694391
v 0.0087050216 0.1184458 0.0190613385
v 0.00494032849 0.1184458 0.0203643114
v 0.000997079046 0.1184458 0.0209312651
v -0.00298220744 0.1184458 0.0207417083
v -0.00685370917 0.1184458 0.0198024922
v -0.0104775 0.1184458 0.0181475623
v -0.0137226067 0.1184458 0.0158367323
v -0.0164717426 0.1184458 0.0129535216
v -0.0186255468 0.1184458 0.00960213676
v -0.0201061753 0.1184458 0.00590370573
v -0.0208601141 0.1184458 0.00199189939
v -0.0208601141 0.1184458 -0.00199189939
v -0.0201061753 0.1184458 -0.00590370573
v -0.0186255468 0.1184458 -0.00960213676
v -0.0164717426 0.1184458 -0.0129535216
v -0.0137226067 0.1184458 -0.0158367323
v -0.0104775 0.1184458 -0.0181475623
v -0.00685370917 0.1184458 -0.0198024922
v -0.00298220744 0.1184458 -0.0207417083
v 0.000997079046 0.1184458 -0.0209312651
v 0.00494032849 0.1184458 -0.0203643114
v 0.0087050216 0.1184458 -0.0190613385
v 0.0121550925 0.1184458 -0.0170694391
v 0.0151658468 0.1184458 -0.0144606057
v 0.0176284678 0.1184458 -0.0113291283
v 0.01945395 0.1184458 -0.00778818676
v 0.0205763159 0.1184458 -0.00396575983
v 0.0017272 0.1184458 0.0166624
v 0.00168389549 0.1184458 0.0170467382
v 0.00155615343 0.1184458 0.017411804
v 0.00135037934 0.1184458 0.0177392916
v 0.00107689159 0.1184458 0.0180127793
v 0.000749403994 0.1184458 0.0182185534
v 0.000384338157 0.1184458 0.0183462955
v 6.41137601e-17 0.1184458 0.0183896
v -0.000424002533 0.1184458 0.0183367481
v -0.000822056337 0.1184458 0.0181814271
v -0.00116980073 0.1184458 0.0179331423
v -0.00144595394 0.1184458 0.0176070889
v -0.00163361554 0.1184458 0.0172232209
v -0.00172130074 0.1184458 0.016805031
v -0.00170364324 0.1184458 0.0163781122
v -0.00158172369 0.1184458 0.0159685917
v -0.00136300349 0.1184458 0.0156015318
v -0.0010608682 0.1184458 0.0152993965
v -0.000693808337 0.1184458 0.0150806763
v -0.000284287776 0.1184458 0.0149587568
v 0.000142631045 0.1184458 0.0149410993
v 0.000560820923 0.1184458 0.0150287845
v 0.000944688859 0.1184458 0.0152164461
v 0.00127074234 0.1184458 0.0154925993
v 0.00151902706 0.1184458 0.0158403437
v 0.00167434814 0.1184458 0.0162383975
v 0.0017272 0.1184458 -0.0166624
v 0.00168389549 0.1184458 -0.0162780618
v 0.00155615343 0.1184458 -0.015912996
v 0.00135037934 0.1184458 -0.0155855084
v 0.00107689159 0.1184458 -0.0153120207
v 0.000749403994 0.1184458 -0.0151062466
v 0.000384338157 0.1184458 -0.0149785045
v 2.03990396e-17 0.1184458 -0.0149352
v -0.000424002533 0.1184458 -0.0149880519
v -0.000822056337 0.1184458 -0.0151433729
v -0.00116980073 0.1184458 -0.0153916577
v -0.00144595394 0.1184458 -0.0157177111
v -0.00163361554 0.1184458 -0.0161015791
v -0.00172130074 0.1184458 -0.016519769
v -0.00170364324 0.1184458 -0.0169466878
v -0.00158172369 0.1184458 -0.0173562083
v -0.00136300349 0.1184458 -0.0177232682
v -0.0010608682 0.1184458 -0.0180254035
v -0.000693808337 0.1184458 -0.0182441237
v -0.000284287776 0.1184458 -0.0183660432
v 0.000142631045 0.1184458 -0.0183837007
v 0.000560820923 0.1184458 -0.0182960155
v 0.000944688859 0.1184458 -0.0181083539
v 0.00127074234 0.1184458 -0.0178322007
v 0.00151902706 0.1184458 -0.0174844563
v 0.00167434814 0.1184458 -0.0170864025
v 0.0075946 0.1184458 -3.13308776e-16
v 0.00737391473 0.1184458 0.00181750674
v 0.00672468433 0.1184458 0.0035293866
v 0.00568463973 0.1184458 0.00503615134
v 0.00431422453 0.1184458 0.00625023327
v 0.00269308228 0.1184458 0.00710107436
v 0.000915427872 0.1184458 0.00753922682
v -0.000915427872 0.1184458 0.00753922682
v -0.00269308228 0.1184458 0.00710107436
v -0.00431422453 0.1184458 0.00625023327
v -0.00568463973 0.1184458 0.00503615134
v -0.00672468433 0.1184458 0.0035293866
v -0.00737391473 0.1184458 0.00181750674
v -0.0075946 0.1184458 -2.85708496e-16
v -0.00737391473 0.1184458 -0.00181750674
v -0.00672468433 0.1184458 -0.0035293866
v -0.00568463973 0.1184458 -0.00503615134
v -0.00431422453 0.1184458 -0.00625023327
v -0.00269308228 0.1184458 -0.00710107436
v -0.000915427872 0.1184458 -0.00753922682
v 0.000915427872 0.1184458 -0.00753922682
v 0.00269308228 0.1184458 -0.00710107436
v 0.00431422453 0.1184458 -0.00625023327
v 0.00568463973 0.1184458 -0.00503615134
v 0.00672468433 0.1184458 -0.0035293866
v 0.00737391473 0.1184458 -0.00181750674
v 0.0031496 0.006 -3.87775013e-18
v 0.00305807835 0.006 0.000753748616
v 0.0027888323 0.006 0.0014636921
v 0.00235750945 0.006 0.00208857112
v 0.00178917673 0.006 0.00259206998
v 0.00111686355 0.006 0.00294492716
v 0.000379642328 0.006 0.00312663587
v -0.000379642328 0.006 0.00312663587
v -0.00111686355 0.006 0.00294492716
v -0.00178917673 0.006 0.00259206998
v -0.00235750945 0.006 0.00208857112
v -0.0027888323 0.006 0.0014636921
v -0.00305807835 0.006 0.000753748616
v -0.0031496 0.006 7.56851976e-18
v -0.00305807835 0.006 -0.000753748616
v -0.0027888323 0.006 -0.0014636921
v -0.00235750945 0.006 -0.00208857112
v -0.00178917673 0.006 -0.00259206998
v -0.00111686355 0.006 -0.00294492716
v -0.000379642328 0.006 -0.00312663587
v 0.000379642328 0.006 -0.00312663587
v 0.00111686355 0.006 -0.00294492716
v 0.00178917673 0.006 -0.00259206998
v 0.00235750945 0.006 -0.00208857112
v 0.0027888323 0.006 -0.0014636921
v 0.00305807835 0.006 -0.000753748616
v 0.00249174 0.006 -3.01478423e-18
v 0.00241933456 0.006 0.000596312413
v 0.0022063262 0.006 0.00115796932
v 0.00186509417 0.006 0.00165232925
v 0.00141546965 0.006 0.00205066182
v 0.000883583181 0.006 0.00232981737
v 0.000300346068 0.006 0.00247357241
v -0.000300346068 0.006 0.00247357241
v -0.000883583181 0.006 0.00232981737
v -0.00141546965 0.006 0.00205066182
v -0.00186509417 0.006 0.00165232925
v -0.0022063262 0.006 0.00115796932
v -0.00241933456 0.006 0.000596312413
v -0.00249174 0.006 6.04069219e-18
v -0.00241933456 0.006 -0.000596312413
v -0.0022063262 0.006 -0.00115796932
v -0.00186509417 0.006 -0.00165232925
v -0.00141546965 0.006 -0.00205066182
v -0.000883583181 0.006 -0.00232981737
v -0.000300346068 0.006 -0.00247357241
v 0.000300346068 0.006 -0.00247357241
v 0.000883583181 0.006 -0.00232981737
v 0.00141546965 0.006 -0.00205066182
v 0.00186509417 0.006 -0.00165232925
v 0.0022063262 0.006 -0.00115796932
v 0.00241933456 0.006 -0.000596312413
v 0.0063246 0.1171758 -3.08213858e-16
v 0.00614081862 0.1171758 0.00151357585
v 0.00560015518 0.1171758 0.00293918817
v 0.00473403108 0.1171758 0.00419398556
v 0.0035927823 0.1171758 0.00520504376
v 0.00224273407 0.1171758 0.00591360373
v 0.000762346288 0.1171758 0.00627848655
v -0.000762346288 0.1171758 0.00627848655
v -0.00224273407 0.1171758 0.00591360373
v -0.0035927823 0.1171758 0.00520504376
v -0.00473403108 0.1171758 0.00419398556
v -0.00560015518 0.1171758 0.00293918817
v -0.00614081862 0.1171758 0.00151357585
v -0.0063246 0.1171758 -2.8522901e-16
v -0.00614081862 0.1171758 -0.00151357585
v -0.00560015518 0.1171758 -0.00293918817
v -0.00473403108 0.1171758 -0.00419398556
v -0.0035927823 0.1171758 -0.00520504376
v -0.00224273407 0.1171758 -0.00591360373
v -0.000762346288 0.1171758 -0.00627848655
v 0.000762346288 0.1171758 -0.00627848655
v 0.00224273407 0.1171758 -0.00591360373
v 0.0035927823 0.1171758 -0.00520504376
v 0.00473403108 0.1171758 -0.00419398556
v 0.00560015518 0.1171758 -0.00293918817
v 0.00614081862 0.1171758 -0.00151357585
v 0.0063246 0.1171758 -3.08213858e-16
v 0.00635969015 0.117472275 -3.09060363e-16
v 0.00646302171 0.117752368 -3.09952152e-16
v 0.00662888442 0.118000599 -3.10839944e-16
v 0.00684811273 0.118203252 -3.11674678e-16
v 0.00710859209 0.118349127 -3.12410228e-16
v 0.00734683553 0.118421397 -3.12917878e-16
v 0.0075946 0.1184458 -3.13308776e-16
v 0.0075946 0.1184458 -3.13308776e-16
v 0.00737391473 0.1184458 0.00181750674
v 0.00672468433 0.1184458 0.0035293866
v 0.00568463973 0.1184458 0.00503615134
v 0.00431422453 0.1184458 0.00625023327
v 0.00269308228 0.1184458 0.00710107436
v 0.000915427872 0.1184458 0.00753922682
v -0.000915427872 0.1184458 0.00753922682
v -0.00269308228 0.1184458 0.00710107436
v -0.00431422453 0.1184458 0.00625023327
v -0.00568463973 0.1184458 0.00503615134
v -0.00672468433 0.1184458 0.0035293866
v -0.00737391473 0.1184458 0.00181750674
v -0.0075946 0.1184458 -2.85708496e-16
v -0.00737391473 0.1184458 -0.00181750674
v -0.00672468433 0.1184458 -0.0035293866
v -0.00568463973 0.1184458 -0.00503615134
v -0.00431422453 0.1184458 -0.00625023327
v -0.00269308228 0.1184458 -0.00710107436
v -0.000915427872 0.1184458 -0.00753922682
v 0.000915427872 0.1184458 -0.00753922682
v 0.00269308228 0.1184458 -0.00710107436
v 0.00431422453 0.1184458 -0.00625023327
v 0.00568463973 0.1184458 -0.00503615134
v 0.00672468433 0.1184458 -0.0035293866
v 0.00737391473 0.1184458 -0.00181750674
v 0.00635969015 0.117472275 -3.09060363e-16
v 0.00646302171 0.117752368 -3.09952152e-16
v 0.00662888442 0.118000599 -3.10839944e-16
v 0.00684811273 0.118203252 -3.11674678e-16
v 0.00710859209 0.118349127 -3.12410228e-16
v 0.00734683553 0.118421397 -3.12917878e-16
v 0.00617488916 0.117472276 0.00152197349
v 0.00627521805 0.117752368 0.00154670233
v 0.00643626109 0.118000599 0.00158639588
v 0.00664911902 0.118203252 0.00163886065
v 0.00690202928 0.118349127 0.00170119743
v 0.00713334961 0.118421397 0.00175821277
v 0.00563122601 0.117472276 0.0029554954
v 0.00572272152 0.117752368 0.00300351595
v 0.00586958566 0.118000599 0.0030805962
v 0.00606370268 0.118203252 0.00318247667
v 0.00629434566 0.118349127 0.00330352744
v 0.00650529958 0.118421397 0.0034142446
v 0.00476029647 0.117472276 0.00421725467
v 0.00483764122 0.117752368 0.00428577614
v 0.00496179124 0.118000599 0.00439576346
v 0.00512588598 0.118203252 0.00454113872
v 0.00532085755 0.118349127 0.00471386845
v 0.00549918518 0.118421397 0.00487185295
v 0.0036127158 0.117472276 0.00523392243
v 0.00367141479 0.117752368 0.0053189626
v 0.00376563555 0.118000599 0.00545546493
v 0.00389017142 0.118203252 0.00563588629
v 0.00403814054 0.118349127 0.00585025656
v 0.00417347813 0.118421397 0.00604632691
v 0.00225517723 0.117472276 0.00594641364
v 0.00229181908 0.117752368 0.00604303028
v 0.00235063481 0.118000599 0.00619811461
v 0.00242837424 0.118203252 0.00640309663
v 0.00252074148 0.118349127 0.00664664902
v 0.0026052237 0.118421397 0.00686941033
v 0.000766575944 0.117472276 0.0063133209
v 0.000779031182 0.117752368 0.00641589901
v 0.000799023722 0.118000599 0.00658055239
v 0.000825448774 0.118203252 0.00679818228
v 0.000856846086 0.118349127 0.0070567624
v 0.000885563136 0.118421397 0.00729326859
v -0.000766575944 0.117472276 0.0063133209
v -0.000779031182 0.117752368 0.00641589901
v -0.000799023722 0.118000599 0.00658055239
v -0.000825448774 0.118203252 0.00679818228
v -0.000856846086 0.118349127 0.0070567624
v -0.000885563136 0.118421397 0.00729326859
v -0.00225517723 0.117472276 0.00594641364
v -0.00229181908 0.117752368 0.00604303028
v -0.00235063481 0.118000599 0.00619811461
v -0.00242837424 0.118203252 0.00640309663
v -0.00252074148 0.118349127 0.00664664902
v -0.0026052237 0.118421397 0.00686941033
v -0.0036127158 0.117472276 0.00523392243
v -0.00367141479 0.117752368 0.0053189626
v -0.00376563555 0.118000599 0.00545546493
v -0.00389017142 0.118203252 0.00563588629
v -0.00403814054 0.118349127 0.00585025656
v -0.00417347813 0.118421397 0.00604632691
v -0.00476029647 0.117472276 0.00421725467
v -0.00483764122 0.117752368 0.00428577614
v -0.00496179124 0.118000599 0.00439576346
v -0.00512588598 0.118203252 0.00454113872
v -0.00532085755 0.118349127 0.00471386845
v -0.00549918518 0.118421397 0.00487185295
v -0.00563122601 0.117472276 0.0029554954
v -0.00572272152 0.117752368 0.00300351595
v -0.00586958566 0.118000599 0.0030805962
v -0.00606370268 0.118203252 0.00318247667
v -0.00629434566 0.118349127 0.00330352744
v -0.00650529958 0.118421397 0.0034142446
v -0.00617488916 0.117472276 0.00152197349
v -0.00627521805 0.117752368 0.00154670233
v -0.00643626109 0.118000599 0.00158639588
v -0.00664911902 0.118203252 0.00163886065
v -0.00690202928 0.118349127 0.00170119743
v -0.00713334961 0.118421397 0.00175821277
v -0.0063596902 0.117472276 -2.92375368e-16
v -0.00646302171 0.117752368 -2.9299606e-16
v -0.00662888442 0.118000599 -2.93448702e-16
v -0.00684811273 0.118203252 -2.93708278e-16
v -0.00710859204 0.118349127 -2.93760447e-16
v -0.00734683529 0.118421397 -2.93643052e-16
v -0.00617488916 0.117472276 -0.00152197349
v -0.00627521805 0.117752368 -0.00154670233
v -0.00643626109 0.118000599 -0.00158639588
v -0.00664911902 0.118203252 -0.00163886065
v -0.00690202928 0.118349127 -0.00170119743
v -0.00713334961 0.118421397 -0.00175821277
v -0.00563122601 0.117472276 -0.0029554954
v -0.00572272152 0.117752368 -0.00300351595
v -0.00586958566 0.118000599 -0.0030805962
v -0.00606370268 0.118203252 -0.00318247667
v -0.00629434566 0.118349127 -0.00330352744
v -0.00650529958 0.118421397 -0.0034142446
v -0.00476029647 0.117472276 -0.00421725467
v -0.00483764122 0.117752368 -0.00428577614
v -0.00496179124 0.118000599 -0.00439576346
v -0.00512588598 0.118203252 -0.00454113872
v -0.00532085755 0.118349127 -0.00471386845
v -0.00549918518 0.118421397 -0.00487185295
v -0.0036127158 0.117472276 -0.00523392243
v -0.00367141479 0.117752368 -0.0053189626
v -0.00376563555 0.118000599 -0.00545546493
v -0.00389017142 0.118203252 -0.00563588629
v -0.00403814054 0.118349127 -0.00585025656
v -0.00417347813 0.118421397 -0.00604632691
v -0.00225517723 0.117472276 -0.00594641364
v -0.00229181908 0.117752368 -0.00604303028
v -0.00235063481 0.118000599 -0.00619811461
v -0.00242837424 0.118203252 -0.00640309663
v -0.00252074148 0.118349127 -0.00664664902
v -0.0026052237 0.118421397 -0.00686941033
v -0.000766575944 0.117472276 -0.0063133209
v -0.000779031182 0.117752368 -0.00641589901
v -0.000799023722 0.118000599 -0.00658055239
v -0.000825448774 0.118203252 -0.00679818228
v -0.000856846086 0.118349127 -0.0070567624
v -0.000885563136 0.118421397 -0.00729326859
v 0.000766575944 0.117472276 -0.0063133209
v 0.000779031182 0.117752368 -0.00641589901
v 0.000799023722 0.118000599 -0.00658055239
v 0.000825448774 0.118203252 -0.00679818228
v 0.000856846086 0.118349127 -0.0070567624
v 0.000885563136 0.118421397 -0.00729326859
v 0.00225517723 0.117472276 -0.00594641364
v 0.00229181908 0.117752368 -0.00604303028
v 0.00235063481 0.118000599 -0.00619811461
v 0.00242837424 0.118203252 -0.00640309663
v 0.00252074148 0.118349127 -0.00664664902
v 0.0026052237 0.118421397 -0.00686941033
v 0.0036127158 0.117472276 -0.00523392243
v 0.00367141479 0.117752368 -0.0053189626
v 0.00376563555 0.118000599 -0.00545546493
v 0.00389017142 0.118203252 -0.00563588629
v 0.00403814054 0.118349127 -0.00585025656
v 0.00417347813 0.118421397 -0.00604632691
v 0.00476029647 0.117472276 -0.00421725467
v 0.00483764122 0.117752368 -0.00428577614
v 0.00496179124 0.118000599 -0.00439576346
v 0.00512588598 0.118203252 -0.00454113872
v 0.00532085755 0.118349127 -0.00471386845
v 0.00549918518 0.118421397 -0.00487185295
v 0.00563122601 0.117472276 -0.0029554954
v 0.00572272152 0.117752368 -0.00300351595
v 0.00586958566 0.118000599 -0.0030805962
v 0.00606370268 0.118203252 -0.00318247667
v 0.00629434566 0.118349127 -0.00330352744
v 0.00650529958 0.118421397 -0.0034142446
v 0.00617488916 0.117472276 -0.00152197349
v 0.00627521805 0.117752368 -0.00154670233
v 0.00643626109 0.118000599 -0.00158639588
v 0.00664911902 0.118203252 -0.00163886065
v 0.00690202928 0.118349127 -0.00170119743
v 0.00713334961 0.118421397 -0.00175821277
v 0.0031496 0.006 -3.87775013e-18
v 0.00305807835 0.006 0.000753748616
v 0.0027888323 0.006 0.0014636921
v 0.00235750945 0.006 0.00208857112
v 0.00178917673 0.006 0.00259206998
v 0.00111686355 0.006 0.00294492716
v 0.000379642328 0.006 0.00312663587
v -0.000379642328 0.006 0.00312663587
v -0.00111686355 0.006 0.00294492716
v -0.00178917673 0.006 0.00259206998
v -0.00235750945 0.006 0.00208857112
v -0.0027888323 0.006 0.0014636921
v -0.00305807835 0.006 0.000753748616
v -0.0031496 0.006 7.56851976e-18
v -0.00305807835 0.006 -0.000753748616
v -0.0027888323 0.006 -0.0014636921
v -0.00235750945 0.006 -0.00208857112
v -0.00178917673 0.006 -0.00259206998
v -0.00111686355 0.006 -0.00294492716
v -0.000379642328 0.006 -0.00312663587
v 0.000379642328 0.006 -0.00312663587
v 0.00111686355 0.006 -0.00294492716
v 0.00178917673 0.006 -0.00259206998
v 0.00235750945 0.006 -0.00208857112
v 0.0027888323 0.006 -0.0014636921
v 0.00305807835 0.006 -0.000753748616
v 0.0031496 0.006 -3.87775013e-18
v 0.00420793333 0.0078330871 -9.70000307e-18
v 0.00526626667 0.00966617421 -1.59079708e-17
v 0.0063246 0.0114992613 -2.28904786e-17
v 0.00614081862 0.0114992613 0.00151357585
v 0.00560015518 0.0114992613 0.00293918817
v 0.00473403108 0.0114992613 0.00419398556
v 0.0035927823 0.0114992613 0.00520504376
v 0.00224273407 0.0114992613 0.00591360373
v 0.000762346288 0.0114992613 0.00627848655
v -0.000762346288 0.0114992613 0.00627848655
v -0.00224273407 0.0114992613 0.00591360373
v -0.0035927823 0.0114992613 0.00520504376
v -0.00473403108 0.0114992613 0.00419398556
v -0.00560015518 0.0114992613 0.00293918817
v -0.00614081862 0.0114992613 0.00151357585
v -0.0063246 0.0114992613 9.43698011e-20
v -0.00614081862 0.0114992613 -0.00151357585
v -0.00560015518 0.0114992613 -0.00293918817
v -0.00473403108 0.0114992613 -0.00419398556
v -0.0035927823 0.0114992613 -0.00520504376
v -0.00224273407 0.0114992613 -0.00591360373
v -0.000762346288 0.0114992613 -0.00627848655
v 0.000762346288 0.0114992613 -0.00627848655
v 0.00224273407 0.0114992613 -0.00591360373
v 0.0035927823 0.0114992613 -0.00520504376
v 0.00473403108 0.0114992613 -0.00419398556
v 0.00560015518 0.0114992613 -0.00293918817
v 0.00614081862 0.0114992613 -0.00151357585
v 0.0063246 0.0114992613 -2.28904786e-17
v 0.00420793333 0.0078330871 -9.70000307e-18
v 0.00526626667 0.00966617421 -1.59079708e-17
v 0.00372593993 0.0078330871 -0.00195552413
v 0.00466304755 0.00966617421 -0.00244735615
v 0.00239037858 0.0078330871 -0.00346306124
v 0.00299158044 0.00966617421 -0.0043340525
v 0.000507210315 0.0078330871 -0.00417725276
v 0.000634778301 0.00966617421 -0.00522786965
v -0.00149215372 0.0078330871 -0.00393448601
v -0.0018674439 0.00966617421 -0.00492404487
v -0.00314968333 0.0078330871 -0.00279037594
v -0.0039418572 0.00966617421 -0.00349218075
v -0.00408565844 0.0078330871 -0.00100702436
v -0.00511323853 0.00966617421 -0.00126030011
v -0.00408565844 0.0078330871 0.00100702436
v -0.00511323853 0.00966617421 0.00126030011
v -0.00314968333 0.0078330871 0.00279037594
v -0.0039418572 0.00966617421 0.00349218075
v -0.00149215372 0.0078330871 0.00393448601
v -0.0018674439 0.00966617421 0.00492404487
v 0.000507210315 0.0078330871 0.00417725276
v 0.000634778301 0.00966617421 0.00522786965
v 0.00239037858 0.0078330871 0.00346306124
v 0.00299158044 0.00966617421 0.0043340525
v 0.00372593993 0.0078330871 0.00195552413
v 0.00466304755 0.00966617421 0.00244735615
v 2.62788236e-17 0.006508 0.00198374
v -0.00048697938 0.006508 0.00192303808
v -0.000944155881 0.006508 0.00174464726
v -0.00134355054 0.006508 0.00145948495
v -0.00166072063 0.006508 0.00108500294
v -0.0018762555 0.006508 0.000644119325
v -0.00197696452 0.006508 0.000163815951
v -0.00195668437 0.006508 -0.000326512873
v -0.00181665618 0.006508 -0.000796859282
v -0.00156544959 0.006508 -0.00121843833
v -0.00121843833 0.006508 -0.00156544959
v -0.000796859282 0.006508 -0.00181665618
v -0.000326512873 0.006508 -0.00195668437
v 0.000163815951 0.006508 -0.00197696452
v 0.000644119325 0.006508 -0.0018762555
v 0.00108500294 0.006508 -0.00166072063
v 0.00145948495 0.006508 -0.00134355054
v 0.00174464726 0.006508 -0.000944155881
v 0.00192303808 0.006508 -0.00048697938
v 0.00198374 0.006508 -3.71998555e-18
v 2.741423e-17 0.010953 0.00198374
v -0.000474740056 0.010953 0.00192609612
v -0.000921889945 0.010953 0.00175651454
v -0.00131546294 0.010953 0.00148485071
v -0.00163258601 0.010953 0.00112689276
v -0.00185482912 0.010953 0.000703443899
v -0.0019692763 0.010953 0.000239113434
v -0.0019692763 0.010953 -0.000239113434
v -0.00185482912 0.010953 -0.000703443899
v -0.00163258601 0.010953 -0.00112689276
v -0.00131546294 0.010953 -0.00148485071
v -0.000921889945 0.010953 -0.00175651454
v -0.000474740056 0.010953 -0.00192609612
v 2.02049261e-17 0.010953 -0.00198374
v 0.000474740056 0.010953 -0.00192609612
v 0.000921889945 0.010953 -0.00175651454
v 0.00131546294 0.010953 -0.00148485071
v 0.00163258601 0.010953 -0.00112689276
v 0.00185482912 0.010953 -0.000703443899
v 0.0019692763 0.010953 -0.000239113434
v 0.0019692763 0.010953 0.000239113434
v 0.00185482912 0.010953 0.000703443899
v 0.00163258601 0.010953 0.00112689276
v 0.00131546294 0.010953 0.00148485071
v 0.000921889945 0.010953 0.00175651454
v 0.000474740056 0.010953 0.00192609612
v 2.741423e-17 0.010953 0.00198374
v 2.62788236e-17 0.006508 0.00198374
v 0.0019340035 0.006508 0.000441423678
v 0.00178728798 0.006508 0.000860712529
v 0.00155095039 0.006508 0.00123684166
v 0.00123684166 0.006508 0.00155095039
v 0.000860712529 0.006508 0.00178728798
v 0.000441423678 0.006508 0.0019340035
v 0.00198374 0.1217478 -3.14863874e-16
v 0.00192303808 0.1217478 0.00048697938
v 0.00174464726 0.1217478 0.000944155881
v 0.00145948495 0.1217478 0.00134355054
v 0.00108500294 0.1217478 0.00166072063
v 0.000644119325 0.1217478 0.0018762555
v 0.000163815951 0.1217478 0.00197696452
v -0.000326512873 0.1217478 0.00195668437
v -0.000796859282 0.1217478 0.00181665618
v -0.00121843833 0.1217478 0.00156544959
v -0.00156544959 0.1217478 0.00121843833
v -0.00181665618 0.1217478 0.000796859282
v -0.00195668437 0.1217478 0.000326512873
v -0.00197696452 0.1217478 -0.000163815951
v -0.0018762555 0.1217478 -0.000644119325
v -0.00166072063 0.1217478 -0.00108500294
v -0.00134355054 0.1217478 -0.00145948495
v -0.000944155881 0.1217478 -0.00174464726
v -0.00048697938 0.1217478 -0.00192303808
v 3.7913907e-17 0.1217478 -0.00198374
v 3.77502529e-17 0.1173028 -0.00198374
v -0.000474740056 0.1173028 -0.00192609612
v -0.000921889945 0.1173028 -0.00175651454
v -0.00131546294 0.1173028 -0.00148485071
v -0.00163258601 0.1173028 -0.00112689276
v -0.00185482912 0.1173028 -0.000703443899
v -0.0019692763 0.1173028 -0.000239113434
v -0.0019692763 0.1173028 0.000239113434
v -0.00185482912 0.1173028 0.000703443899
v -0.00163258601 0.1173028 0.00112689276
v -0.00131546294 0.1173028 0.00148485071
v -0.000921889945 0.1173028 0.00175651454
v -0.000474740056 0.1173028 0.00192609612
v 4.09498505e-17 0.1173028 0.00198374
v 0.000474740056 0.1173028 0.00192609612
v 0.000921889945 0.1173028 0.00175651454
v 0.00131546294 0.1173028 0.00148485071
v 0.00163258601 0.1173028 0.00112689276
v 0.00185482912 0.1173028 0.000703443899
v 0.0019692763 0.1173028 0.000239113434
v 0.0019692763 0.1173028 -0.000239113434
v 0.00185482912 0.1173028 -0.000703443899
v 0.00163258601 0.1173028 -0.00112689276
v 0.00131546294 0.1173028 -0.00148485071
v 0.000921889945 0.1173028 -0.00175651454
v 0.000474740056 0.1173028 -0.00192609612
v 3.77502529e-17 0.1173028 -0.00198374
v 3.7913907e-17 0.1217478 -0.00198374
v 0.000441423678 0.1217478 -0.0019340035
v 0.000860712529 0.1217478 -0.00178728798
v 0.00123684166 0.1217478 -0.00155095039
v 0.00155095039 0.1217478 -0.00123684166
v 0.00178728798 0.1217478 -0.000860712529
v 0.0019340035 0.1217478 -0.000441423678
v 2.64572383e-17 0.0145734523 0.0008509
v -0.000203633699 0.0145734523 0.000826174392
v -0.000395432947 0.0145734523 0.000753434532
v -0.00056425107 0.0145734523 0.000636907796
v -0.000700276971 0.0145734523 0.000483366293
v -0.000795605321 0.0145734523 0.000301733298
v -0.000844695981 0.0145734523 0.000102564661
v -0.000844695981 0.0145734523 -0.000102564661
v -0.000795605321 0.0145734523 -0.000301733298
v -0.000700276971 0.0145734523 -0.000483366293
v -0.00056425107 0.0145734523 -0.000636907796
v -0.000395432947 0.0145734523 -0.000753434532
v -0.000203633699 0.0145734523 -0.000826174392
v 2.33648993e-17 0.0145734523 -0.0008509
v 0.000203633699 0.0145734523 -0.000826174392
v 0.000395432947 0.0145734523 -0.000753434532
v 0.00056425107 0.0145734523 -0.000636907796
v 0.000700276971 0.0145734523 -0.000483366293
v 0.000795605321 0.0145734523 -0.000301733298
v 0.000844695981 0.0145734523 -0.000102564661
v 0.000844695981 0.0145734523 0.000102564661
v 0.000795605321 0.0145734523 0.000301733298
v 0.000700276971 0.0145734523 0.000483366293
v 0.00056425107 0.0145734523 0.000636907796
v 0.000395432947 0.0145734523 0.000753434532
v 0.000203633699 0.0145734523 0.000826174392
v 2.64572383e-17 0.0145734523 0.0008509
v 2.68009795e-17 0.0135359682 0.00122851333
v 2.71447208e-17 0.0124984841 0.00160612667
v 2.7488462e-17 0.011461 0.00198374
v 2.7488462e-17 0.011461 0.00198374
v -0.000474740056 0.011461 0.00192609612
v -0.000921889945 0.011461 0.00175651454
v -0.00131546294 0.011461 0.00148485071
v -0.00163258601 0.011461 0.00112689276
v -0.00185482912 0.011461 0.000703443899
v -0.0019692763 0.011461 0.000239113434
v -0.0019692763 0.011461 -0.000239113434
v -0.00185482912 0.011461 -0.000703443899
v -0.00163258601 0.011461 -0.00112689276
v -0.00131546294 0.011461 -0.00148485071
v -0.000921889945 0.011461 -0.00175651454
v -0.000474740056 0.011461 -0.00192609612
v 2.02791581e-17 0.011461 -0.00198374
v 0.000474740056 0.011461 -0.00192609612
v 0.000921889945 0.011461 -0.00175651454
v 0.00131546294 0.011461 -0.00148485071
v 0.00163258601 0.011461 -0.00112689276
v 0.00185482912 0.011461 -0.000703443899
v 0.0019692763 0.011461 -0.000239113434
v 0.0019692763 0.011461 0.000239113434
v 0.00185482912 0.011461 0.000703443899
v 0.00163258601 0.011461 0.00112689276
v 0.00131546294 0.011461 0.00148485071
v 0.000921889945 0.011461 0.00175651454
v 0.000474740056 0.011461 0.00192609612
v 2.68009795e-17 0.0135359682 0.00122851333
v 2.71447208e-17 0.0124984841 0.00160612667
v -0.000570918613 0.0135359682 0.00108779453
v -0.00101104665 0.0135359682 0.000697875116
v -0.000746404279 0.0124984841 0.00142215453
v -0.00121955609 0.0135359682 0.000148080919
v -0.00132181633 0.0124984841 0.000912383938
v -0.00114867992 0.0135359682 -0.000435636832
v -0.00159441619 0.0124984841 0.000193597176
v -0.000814655027 0.0135359682 -0.000919555434
v -0.00150175452 0.0124984841 -0.000569540365
v -0.000294002484 0.0135359682 -0.00119281497
v -0.00106505898 0.0124984841 -0.00120220307
v 0.000294002484 0.0135359682 -0.00119281497
v -0.00038437127 0.0124984841 -0.00155945554
v 0.000814655027 0.0135359682 -0.000919555434
v 0.00038437127 0.0124984841 -0.00155945554
v 0.00114867992 0.0135359682 -0.000435636832
v 0.00106505898 0.0124984841 -0.00120220307
v 0.00121955609 0.0135359682 0.000148080919
v 0.00150175452 0.0124984841 -0.000569540365
v 0.00101104665 0.0135359682 0.000697875116
v 0.00159441619 0.0124984841 0.000193597176
v 0.000570918613 0.0135359682 0.00108779453
v 0.00132181633 0.0124984841 0.000912383938
v 0.000746404279 0.0124984841 0.00142215453
v 4.08875248e-17 0.113682348 0.0008509
v 0.000203633699 0.113682348 0.000826174392
v 0.000395432947 0.113682348 0.000753434532
v 0.00056425107 0.113682348 0.000636907796
v 0.000700276971 0.113682348 0.000483366293
v 0.000795605321 0.113682348 0.000301733298
v 0.000844695981 0.113682348 0.000102564661
v 0.000844695981 0.113682348 -0.000102564661
v 0.000795605321 0.113682348 -0.000301733298
v 0.000700276971 0.113682348 -0.000483366293
v 0.00056425107 0.113682348 -0.000636907796
v 0.000395432947 0.113682348 -0.000753434532
v 0.000203633699 0.113682348 -0.000826174392
v 3.87072446e-17 0.113682348 -0.0008509
v 3.83635034e-17 0.114719832 -0.00122851333
v 3.80197621e-17 0.115757316 -0.00160612667
v 3.76760209e-17 0.1167948 -0.00198374
v 3.76760209e-17 0.1167948 -0.00198374
v -0.000474740056 0.1167948 -0.00192609612
v -0.000921889945 0.1167948 -0.00175651454
v -0.00131546294 0.1167948 -0.00148485071
v -0.00163258601 0.1167948 -0.00112689276
v -0.00185482912 0.1167948 -0.000703443899
v -0.0019692763 0.1167948 -0.000239113434
v -0.0019692763 0.1167948 0.000239113434
v -0.00185482912 0.1167948 0.000703443899
v -0.00163258601 0.1167948 0.00112689276
v -0.00131546294 0.1167948 0.00148485071
v -0.000921889945 0.1167948 0.00175651454
v -0.000474740056 0.1167948 0.00192609612
v 4.08756185e-17 0.1167948 0.00198374
v 0.000474740056 0.1167948 0.00192609612
v 0.000921889945 0.1167948 0.00175651454
v 0.00131546294 0.1167948 0.00148485071
v 0.00163258601 0.1167948 0.00112689276
v 0.00185482912 0.1167948 0.000703443899
v 0.0019692763 0.1167948 0.000239113434
v 0.0019692763 0.1167948 -0.000239113434
v 0.00185482912 0.1167948 -0.000703443899
v 0.00163258601 0.1167948 -0.00112689276
v 0.00131546294 0.1167948 -0.00148485071
v 0.000921889945 0.1167948 -0.00175651454
v 0.000474740056 0.1167948 -0.00192609612
v 3.87072446e-17 0.113682348 -0.0008509
v 3.83635034e-17 0.114719832 -0.00122851333
v 3.80197621e-17 0.115757316 -0.00160612667
v -0.000203633699 0.113682348 -0.000826174392
v -0.000395432947 0.113682348 -0.000753434532
v -0.00056425107 0.113682348 -0.000636907796
v -0.000700276971 0.113682348 -0.000483366293
v -0.000795605321 0.113682348 -0.000301733298
v -0.000844695981 0.113682348 -0.000102564661
v -0.000844695981 0.113682348 0.000102564661
v -0.000795605321 0.113682348 0.000301733298
v -0.000700276971 0.113682348 0.000483366293
v -0.00056425107 0.113682348 0.000636907796
v -0.000395432947 0.113682348 0.000753434532
v -0.000203633699 0.113682348 0.000826174392
v -0.000570918613 0.114719832 -0.00108779453
v -0.00101104665 0.114719832 -0.000697875116
v -0.000746404279 0.115757316 -0.00142215453
v -0.00121955609 0.114719832 -0.000148080919
v -0.00132181633 0.115757316 -0.000912383938
v -0.00114867992 0.114719832 0.000435636832
v -0.00159441619 0.115757316 -0.000193597176
v -0.000814655027 0.114719832 0.000919555434
v -0.00150175452 0.115757316 0.000569540365
v -0.000294002484 0.114719832 0.00119281497
v -0.00106505898 0.115757316 0.00120220307
v 0.000294002484 0.114719832 0.00119281497
v -0.00038437127 0.115757316 0.00155945554
v 0.000814655027 0.114719832 0.000919555434
v 0.00038437127 0.115757316 0.00155945554
v 0.00114867992 0.114719832 0.000435636832
v 0.00106505898 0.115757316 0.00120220307
v 0.00121955609 0.114719832 -0.000148080919
v 0.00150175452 0.115757316 0.000569540365
v 0.00101104665 0.114719832 -0.000697875116
v 0.00159441619 0.115757316 -0.000193597176
v 0.000570918613 0.114719832 -0.00108779453
v 0.00132181633 0.115757316 -0.000912383938
v 0.000746404279 0.115757316 -0.00142215453
v 2.11319802e-17 0.1198428 -0.0149352
v 0.000413346015 0.1198428 -0.0149853893
v 0.000802669863 0.1198428 -0.0151330404
v 0.00114534546 0.1198428 -0.0153695722
v 0.00142145773 0.1198428 -0.0156812386
v 0.00161496005 0.1198428 -0.0160499264
v 0.00171460677 0.1198428 -0.016454209
v 0.00171460677 0.1198428 -0.016870591
v 0.00161496005 0.1198428 -0.0172748736
v 0.00142145773 0.1198428 -0.0176435614
v 0.00114534546 0.1198428 -0.0179552278
v 0.000802669863 0.1198428 -0.0181917596
v 0.000413346015 0.1198428 -0.0183394107
v 1.8346159e-17 0.1198428 -0.0183896
v -0.000413346015 0.1198428 -0.0183394107
v -0.000802669863 0.1198428 -0.0181917596
v -0.00114534546 0.1198428 -0.0179552278
v -0.00142145773 0.1198428 -0.0176435614
v -0.00161496005 0.1198428 -0.0172748736
v -0.00171460677 0.1198428 -0.016870591
v -0.00171460677 0.1198428 -0.016454209
v -0.00161496005 0.1198428 -0.0160499264
v -0.00142145773 0.1198428 -0.0156812386
v -0.00114534546 0.1198428 -0.0153695722
v -0.000802669863 0.1198428 -0.0151330404
v -0.000413346015 0.1198428 -0.0149853893
v 2.11319802e-17 0.1198428 -0.0149352
v 2.03990396e-17 0.1184458 -0.0149352
v 0.0017272 0.1184458 -0.0166624
v 0.00168389549 0.1184458 -0.0162780618
v 0.00155615343 0.1184458 -0.015912996
v 0.00135037934 0.1184458 -0.0155855084
v 0.00107689159 0.1184458 -0.0153120207
v 0.000749403994 0.1184458 -0.0151062466
v 0.000384338157 0.1184458 -0.0149785045
v 2.03990396e-17 0.1184458 -0.0149352
v -0.000424002533 0.1184458 -0.0149880519
v -0.000822056337 0.1184458 -0.0151433729
v -0.00116980073 0.1184458 -0.0153916577
v -0.00144595394 0.1184458 -0.0157177111
v -0.00163361554 0.1184458 -0.0161015791
v -0.00172130074 0.1184458 -0.016519769
v -0.00170364324 0.1184458 -0.0169466878
v -0.00158172369 0.1184458 -0.0173562083
v -0.00136300349 0.1184458 -0.0177232682
v -0.0010608682 0.1184458 -0.0180254035
v -0.000693808337 0.1184458 -0.0182441237
v -0.000284287776 0.1184458 -0.0183660432
v 0.000142631045 0.1184458 -0.0183837007
v 0.000560820923 0.1184458 -0.0182960155
v 0.000944688859 0.1184458 -0.0181083539
v 0.00127074234 0.1184458 -0.0178322007
v 0.00151902706 0.1184458 -0.0174844563
v 0.00167434814 0.1184458 -0.0170864025
v 1.52178316e-17 0.1198428 -0.0194437
v -0.000665608657 0.1198428 -0.0193628805
v -0.00129253456 0.1198428 -0.0191251188
v -0.00184434305 0.1198428 -0.0187442329
v -0.00228896503 0.1198428 -0.0182423585
v -0.00260056068 0.1198428 -0.0176486626
v -0.00276102119 0.1198428 -0.0169976487
v -0.00276102119 0.1198428 -0.0163271513
v -0.00260056068 0.1198428 -0.0156761374
v -0.00228896503 0.1198428 -0.0150824415
v -0.00184434305 0.1198428 -0.0145805671
v -0.00129253456 0.1198428 -0.0141996812
v -0.000665608657 0.1198428 -0.0139619195
v 1.97038231e-17 0.1198428 -0.0138811
v 0.000665608657 0.1198428 -0.0139619195
v 0.00129253456 0.1198428 -0.0141996812
v 0.00184434305 0.1198428 -0.0145805671
v 0.00228896503 0.1198428 -0.0150824415
v 0.00260056068 0.1198428 -0.0156761374
v 0.00276102119 0.1198428 -0.0163271513
v 0.00276102119 0.1198428 -0.0169976487
v 0.00260056068 0.1198428 -0.0176486626
v 0.00228896503 0.1198428 -0.0182423585
v 0.00184434305 0.1198428 -0.0187442329
v 0.00129253456 0.1198428 -0.0191251188
v 0.000665608657 0.1198428 -0.0193628805
v 2.11319802e-17 0.1198428 -0.0149352
v 0.000413346015 0.1198428 -0.0149853893
v 0.000802669863 0.1198428 -0.0151330404
v 0.00114534546 0.1198428 -0.0153695722
v 0.00142145773 0.1198428 -0.0156812386
v 0.00161496005 0.1198428 -0.0160499264
v 0.00171460677 0.1198428 -0.016454209
v 0.00171460677 0.1198428 -0.016870591
v 0.00161496005 0.1198428 -0.0172748736
v 0.00142145773 0.1198428 -0.0176435614
v 0.00114534546 0.1198428 -0.0179552278
v 0.000802669863 0.1198428 -0.0181917596
v 0.000413346015 0.1198428 -0.0183394107
v 1.8346159e-17 0.1198428 -0.0183896
v -0.000413346015 0.1198428 -0.0183394107
v -0.000802669863 0.1198428 -0.0181917596
v -0.00114534546 0.1198428 -0.0179552278
v -0.00142145773 0.1198428 -0.0176435614
v -0.00161496005 0.1198428 -0.0172748736
v -0.00171460677 0.1198428 -0.016870591
v -0.00171460677 0.1198428 -0.016454209
v -0.00161496005 0.1198428 -0.0160499264
v -0.00142145773 0.1198428 -0.0156812386
v -0.00114534546 0.1198428 -0.0153695722
v -0.000802669863 0.1198428 -0.0151330404
v -0.000413346015 0.1198428 -0.0149853893
v 1.52178316e-17 0.1198428 -0.0194437
v -0.000665608657 0.1198428 -0.0193628805
v -0.00129253456 0.1198428 -0.0191251188
v -0.00184434305 0.1198428 -0.0187442329
v -0.00228896503 0.1198428 -0.0182423585
v -0.00260056068 0.1198428 -0.0176486626
v -0.00276102119 0.1198428 -0.0169976487
v -0.00276102119 0.1198428 -0.0163271513
v -0.00260056068 0.1198428 -0.0156761374
v -0.00228896503 0.1198428 -0.0150824415
v -0.00184434305 0.1198428 -0.0145805671
v -0.00129253456 0.1198428 -0.0141996812
v -0.000665608657 0.1198428 -0.0139619195
v 1.97038231e-17 0.1198428 -0.0138811
v 0.000665608657 0.1198428 -0.0139619195
v 0.00129253456 0.1198428 -0.0141996812
v 0.00184434305 0.1198428 -0.0145805671
v 0.00228896503 0.1198428 -0.0150824415
v 0.00260056068 0.1198428 -0.0156761374
v 0.00276102119 0.1198428 -0.0163271513
v 0.00276102119 0.1198428 -0.0169976487
v 0.00260056068 0.1198428 -0.0176486626
v 0.00228896503 0.1198428 -0.0182423585
v 0.00184434305 0.1198428 -0.0187442329
v 0.00129253456 0.1198428 -0.0191251188
v 0.000665608657 0.1198428 -0.0193628805
v 1.52178316e-17 0.1198428 -0.0194437
v 1.55704337e-17 0.1222558 -0.0194437
v 0.000665608657 0.1222558 -0.0193628805
v 0.00129253456 0.1222558 -0.0191251188
v 0.00184434305 0.1222558 -0.0187442329
v 0.00228896503 0.1222558 -0.0182423585
v 0.00260056068 0.1222558 -0.0176486626
v 0.00276102119 0.1222558 -0.0169976487
v 0.00276102119 0.1222558 -0.0163271513
v 0.00260056068 0.1222558 -0.0156761374
v 0.00228896503 0.1222558 -0.0150824415
v 0.00184434305 0.1222558 -0.0145805671
v 0.00129253456 0.1222558 -0.0141996812
v 0.000665608657 0.1222558 -0.0139619195
v 2.56782285e-17 0.1222558 -0.0138811
v -0.000665608657 0.1222558 -0.0139619195
v -0.00129253456 0.1222558 -0.0141996812
v -0.00184434305 0.1222558 -0.0145805671
v -0.00228896503 0.1222558 -0.0150824415
v -0.00260056068 0.1222558 -0.0156761374
v -0.00276102119 0.1222558 -0.0163271513
v -0.00276102119 0.1222558 -0.0169976487
v -0.00260056068 0.1222558 -0.0176486626
v -0.00228896503 0.1222558 -0.0182423585
v -0.00184434305 0.1222558 -0.0187442329
v -0.00129253456 0.1222558 -0.0191251188
v -0.000665608657 0.1222558 -0.0193628805
v 1.55704337e-17 0.1222558 -0.0194437
v 6.48467006e-17 0.1198428 0.0183896
v 0.000413346015 0.1198428 0.0183394107
v 0.000802669863 0.1198428 0.0181917596
v 0.00114534546 0.1198428 0.0179552278
v 0.00142145773 0.1198428 0.0176435614
v 0.00161496005 0.1198428 0.0172748736
v 0.00171460677 0.1198428 0.016870591
v 0.00171460677 0.1198428 0.016454209
v 0.00161496005 0.1198428 0.0160499264
v 0.00142145773 0.1198428 0.0156812386
v 0.00114534546 0.1198428 0.0153695722
v 0.000802669863 0.1198428 0.0151330404
v 0.000413346015 0.1198428 0.0149853893
v 6.20608794e-17 0.1198428 0.0149352
v -0.000413346015 0.1198428 0.0149853893
v -0.000802669863 0.1198428 0.0151330404
v -0.00114534546 0.1198428 0.0153695722
v -0.00142145773 0.1198428 0.0156812386
v -0.00161496005 0.1198428 0.0160499264
v -0.00171460677 0.1198428 0.016454209
v -0.00171460677 0.1198428 0.016870591
v -0.00161496005 0.1198428 0.0172748736
v -0.00142145773 0.1198428 0.0176435614
v -0.00114534546 0.1198428 0.0179552278
v -0.000802669863 0.1198428 0.0181917596
v -0.000413346015 0.1198428 0.0183394107
v 6.48467006e-17 0.1198428 0.0183896
v 6.41137601e-17 0.1184458 0.0183896
v 0.0017272 0.1184458 0.0166624
v 0.00168389549 0.1184458 0.0170467382
v 0.00155615343 0.1184458 0.017411804
v 0.00135037934 0.1184458 0.0177392916
v 0.00107689159 0.1184458 0.0180127793
v 0.000749403994 0.1184458 0.0182185534
v 0.000384338157 0.1184458 0.0183462955
v 6.41137601e-17 0.1184458 0.0183896
v -0.000424002533 0.1184458 0.0183367481
v -0.000822056337 0.1184458 0.0181814271
v -0.00116980073 0.1184458 0.0179331423
v -0.00144595394 0.1184458 0.0176070889
v -0.00163361554 0.1184458 0.0172232209
v -0.00172130074 0.1184458 0.016805031
v -0.00170364324 0.1184458 0.0163781122
v -0.00158172369 0.1184458 0.0159685917
v -0.00136300349 0.1184458 0.0156015318
v -0.0010608682 0.1184458 0.0152993965
v -0.000693808337 0.1184458 0.0150806763
v -0.000284287776 0.1184458 0.0149587568
v 0.000142631045 0.1184458 0.0149410993
v 0.000560820923 0.1184458 0.0150287845
v 0.000944688859 0.1184458 0.0152164461
v 0.00127074234 0.1184458 0.0154925993
v 0.00151902706 0.1184458 0.0158403437
v 0.00167434814 0.1184458 0.0162383975
v 5.89325521e-17 0.1198428 0.0138811
v -0.000665608657 0.1198428 0.0139619195
v -0.00129253456 0.1198428 0.0141996812
v -0.00184434305 0.1198428 0.0145805671
v -0.00228896503 0.1198428 0.0150824415
v -0.00260056068 0.1198428 0.0156761374
v -0.00276102119 0.1198428 0.0163271513
v -0.00276102119 0.1198428 0.0169976487
v -0.00260056068 0.1198428 0.0176486626
v -0.00228896503 0.1198428 0.0182423585
v -0.00184434305 0.1198428 0.0187442329
v -0.00129253456 0.1198428 0.0191251188
v -0.000665608657 0.1198428 0.0193628805
v 6.34185435e-17 0.1198428 0.0194437
v 0.000665608657 0.1198428 0.0193628805
v 0.00129253456 0.1198428 0.0191251188
v 0.00184434305 0.1198428 0.0187442329
v 0.00228896503 0.1198428 0.0182423585
v 0.00260056068 0.1198428 0.0176486626
v 0.00276102119 0.1198428 0.0169976487
v 0.00276102119 0.1198428 0.0163271513
v 0.00260056068 0.1198428 0.0156761374
v 0.00228896503 0.1198428 0.0150824415
v 0.00184434305 0.1198428 0.0145805671
v 0.00129253456 0.1198428 0.0141996812
v 0.000665608657 0.1198428 0.0139619195
v 6.48467006e-17 0.1198428 0.0183896
v 0.000413346015 0.1198428 0.0183394107
v 0.000802669863 0.1198428 0.0181917596
v 0.00114534546 0.1198428 0.0179552278
v 0.00142145773 0.1198428 0.0176435614
v 0.00161496005 0.1198428 0.0172748736
v 0.00171460677 0.1198428 0.016870591
v 0.00171460677 0.1198428 0.016454209
v 0.00161496005 0.1198428 0.0160499264
v 0.00142145773 0.1198428 0.0156812386
v 0.00114534546 0.1198428 0.0153695722
v 0.000802669863 0.1198428 0.0151330404
v 0.000413346015 0.1198428 0.0149853893
v 6.20608794e-17 0.1198428 0.0149352
v -0.000413346015 0.1198428 0.0149853893
v -0.000802669863 0.1198428 0.0151330404
v -0.00114534546 0.1198428 0.0153695722
v -0.00142145773 0.1198428 0.0156812386
v -0.00161496005 0.1198428 0.0160499264
v -0.00171460677 0.1198428 0.016454209
v -0.00171460677 0.1198428 0.016870591
v -0.00161496005 0.1198428 0.0172748736
v -0.00142145773 0.1198428 0.0176435614
v -0.00114534546 0.1198428 0.0179552278
v -0.000802669863 0.1198428 0.0181917596
v -0.000413346015 0.1198428 0.0183394107
v 5.89325521e-17 0.1198428 0.0138811
v -0.000665608657 0.1198428 0.0139619195
v -0.00129253456 0.1198428 0.0141996812
v -0.00184434305 0.1198428 0.0145805671
v -0.00228896503 0.1198428 0.0150824415
v -0.00260056068 0.1198428 0.0156761374
v -0.00276102119 0.1198428 0.0163271513
v -0.00276102119 0.1198428 0.0169976487
v -0.00260056068 0.1198428 0.0176486626
v -0.00228896503 0.1198428 0.0182423585
v -0.00184434305 0.1198428 0.0187442329
v -0.00129253456 0.1198428 0.0191251188
v -0.000665608657 0.1198428 0.0193628805
v 6.34185435e-17 0.1198428 0.0194437
v 0.000665608657 0.1198428 0.0193628805
v 0.00129253456 0.1198428 0.0191251188
v 0.00184434305 0.1198428 0.0187442329
v 0.00228896503 0.1198428 0.0182423585
v 0.00260056068 0.1198428 0.0176486626
v 0.00276102119 0.1198428 0.0169976487
v 0.00276102119 0.1198428 0.0163271513
v 0.00260056068 0.1198428 0.0156761374
v 0.00228896503 0.1198428 0.0150824415
v 0.00184434305 0.1198428 0.0145805671
v 0.00129253456 0.1198428 0.0141996812
v 0.000665608657 0.1198428 0.0139619195
v 5.89325521e-17 0.1198428 0.0138811
v 5.92851542e-17 0.1222558 0.0138811
v 0.000665608657 0.1222558 0.0139619195
v 0.00129253456 0.1222558 0.0141996812
v 0.00184434305 0.1222558 0.0145805671
v 0.00228896503 0.1222558 0.0150824415
v 0.00260056068 0.1222558 0.0156761374
v 0.00276102119 0.1222558 0.0163271513
v 0.00276102119 0.1222558 0.0169976487
v 0.00260056068 0.1222558 0.0176486626
v 0.00228896503 0.1222558 0.0182423585
v 0.00184434305 0.1222558 0.0187442329
v 0.00129253456 0.1222558 0.0191251188
v 0.000665608657 0.1222558 0.0193628805
v 6.93929489e-17 0.1222558 0.0194437
v -0.000665608657 0.1222558 0.0193628805
v -0.00129253456 0.1222558 0.0191251188
v -0.00184434305 0.1222558 0.0187442329
v -0.00228896503 0.1222558 0.0182423585
v -0.00260056068 0.1222558 0.0176486626
v -0.00276102119 0.1222558 0.0169976487
v -0.00276102119 0.1222558 0.0163271513
v -0.00260056068 0.1222558 0.0156761374
v -0.00228896503 0.1222558 0.0150824415
v -0.00184434305 0.1222558 0.0145805671
v -0.00129253456 0.1222558 0.0141996812
v -0.000665608657 0.1222558 0.0139619195
v 5.92851542e-17 0.1222558 0.0138811
v 0.021463 0.1189538 -3.32872615e-16
v 0.0210751356 0.1189538 0.00406189946
v 0.0199255609 0.1189538 0.00797699129
v 0.0180558246 0.1189538 0.0116037739
v 0.0155335037 0.1189538 0.0148111658
v 0.0124497615 0.1189538 0.0174832437
v 0.00891605242 0.1189538 0.0195234315
v 0.00506009403 0.1189538 0.0208579917
v 0.00102125066 0.1189538 0.0214386897
v -0.00305450337 0.1189538 0.0212445376
v -0.0070198597 0.1189538 0.0202825526
v -0.0107315 0.1189538 0.0185875032
v -0.0140552759 0.1189538 0.0162206531
v -0.0168710576 0.1189538 0.0132675463
v -0.0190770752 0.1189538 0.00983491584
v -0.0205935977 0.1189538 0.00604682587
v -0.0213658139 0.1189538 0.00204018786
v -0.0213658139 0.1189538 -0.00204018786
v -0.0205935977 0.1189538 -0.00604682587
v -0.0190770752 0.1189538 -0.00983491584
v -0.0168710576 0.1189538 -0.0132675463
v -0.0140552759 0.1189538 -0.0162206531
v -0.0107315 0.1189538 -0.0185875032
v -0.0070198597 0.1189538 -0.0202825526
v -0.00305450337 0.1189538 -0.0212445376
v 0.00102125066 0.1189538 -0.0214386897
v 0.00506009403 0.1189538 -0.0208579917
v 0.00891605242 0.1189538 -0.0195234315
v 0.0124497615 0.1189538 -0.0174832437
v 0.0155335037 0.1189538 -0.0148111658
v 0.0180558246 0.1189538 -0.0116037739
v 0.0199255609 0.1189538 -0.00797699129
v 0.0210751356 0.1189538 -0.00406189946
v 0.021463 0.1189538 -3.32872615e-16
v 0.020955 0.1184458 -3.30834647e-16
v 0.020955 0.1184458 -3.30834647e-16
v 0.0205763159 0.1184458 0.00396575983
v 0.01945395 0.1184458 0.00778818676
v 0.0176284678 0.1184458 0.0113291283
v 0.0151658468 0.1184458 0.0144606057
v 0.0121550925 0.1184458 0.0170694391
v 0.0087050216 0.1184458 0.0190613385
v 0.00494032849 0.1184458 0.0203643114
v 0.000997079046 0.1184458 0.0209312651
v -0.00298220744 0.1184458 0.0207417083
v -0.00685370917 0.1184458 0.0198024922
v -0.0104775 0.1184458 0.0181475623
v -0.0137226067 0.1184458 0.0158367323
v -0.0164717426 0.1184458 0.0129535216
v -0.0186255468 0.1184458 0.00960213676
v -0.0201061753 0.1184458 0.00590370573
v -0.0208601141 0.1184458 0.00199189939
v -0.0208601141 0.1184458 -0.00199189939
v -0.0201061753 0.1184458 -0.00590370573
v -0.0186255468 0.1184458 -0.00960213676
v -0.0164717426 0.1184458 -0.0129535216
v -0.0137226067 0.1184458 -0.0158367323
v -0.0104775 0.1184458 -0.0181475623
v -0.00685370917 0.1184458 -0.0198024922
v -0.00298220744 0.1184458 -0.0207417083
v 0.000997079046 0.1184458 -0.0209312651
v 0.00494032849 0.1184458 -0.0203643114
v 0.0087050216 0.1184458 -0.0190613385
v 0.0121550925 0.1184458 -0.0170694391
v 0.0151658468 0.1184458 -0.0144606057
v 0.0176284678 0.1184458 -0.0113291283
v 0.01945395 0.1184458 -0.00778818676
v 0.0205763159 0.1184458 -0.00396575983
v 0.020955 0.1222558 -3.41121529e-16
v 0.0205763159 0.1222558 0.00396575983
v 0.01945395 0.1222558 0.00778818676
v 0.0176284678 0.1222558 0.0113291283
v 0.0151658468 0.1222558 0.0144606057
v 0.0121550925 0.1222558 0.0170694391
v 0.0087050216 0.1222558 0.0190613385
v 0.00494032849 0.1222558 0.0203643114
v 0.000997079046 0.1222558 0.0209312651
v -0.00298220744 0.1222558 0.0207417083
v -0.00685370917 0.1222558 0.0198024922
v -0.0104775 0.1222558 0.0181475623
v -0.0137226067 0.1222558 0.0158367323
v -0.0164717426 0.1222558 0.0129535216
v -0.0186255468 0.1222558 0.00960213676
v -0.0201061753 0.1222558 0.00590370573
v -0.0208601141 0.1222558 0.00199189939
v -0.0208601141 0.1222558 -0.00199189939
v -0.0201061753 0.1222558 -0.00590370573
v -0.0186255468 0.1222558 -0.00960213676
v -0.0164717426 0.1222558 -0.0129535216
v -0.0137226067 0.1222558 -0.0158367323
v -0.0104775 0.1222558 -0.0181475623
v -0.00685370917 0.1222558 -0.0198024922
v -0.00298220744 0.1222558 -0.0207417083
v 0.000997079046 0.1222558 -0.0209312651
v 0.00494032849 0.1222558 -0.0203643114
v 0.0087050216 0.1222558 -0.0190613385
v 0.0121550925 0.1222558 -0.0170694391
v 0.0151658468 0.1222558 -0.0144606057
v 0.0176284678 0.1222558 -0.0113291283
v 0.01945395 0.1222558 -0.00778818676
v 0.0205763159 0.1222558 -0.00396575983
v 0.020955 0.1222558 -3.41121529e-16
v 0.021463 0.1217478 -3.40416328e-16
v 0.021463 0.1217478 -3.40416328e-16
v 0.0210751356 0.1217478 0.00406189946
v 0.0199255609 0.1217478 0.00797699129
v 0.0180558246 0.1217478 0.0116037739
v 0.0155335037 0.1217478 0.0148111658
v 0.0124497615 0.1217478 0.0174832437
v 0.00891605242 0.1217478 0.0195234315
v 0.00506009403 0.1217478 0.0208579917
v 0.00102125066 0.1217478 0.0214386897
v -0.00305450337 0.1217478 0.0212445376
v -0.0070198597 0.1217478 0.0202825526
v -0.0107315 0.1217478 0.0185875032
v -0.0140552759 0.1217478 0.0162206531
v -0.0168710576 0.1217478 0.0132675463
v -0.0190770752 0.1217478 0.00983491584
v -0.0205935977 0.1217478 0.00604682587
v -0.0213658139 0.1217478 0.00204018786
v -0.0213658139 0.1217478 -0.00204018786
v -0.0205935977 0.1217478 -0.00604682587
v -0.0190770752 0.1217478 -0.00983491584
v -0.0168710576 0.1217478 -0.0132675463
v -0.0140552759 0.1217478 -0.0162206531
v -0.0107315 0.1217478 -0.0185875032
v -0.0070198597 0.1217478 -0.0202825526
v -0.00305450337 0.1217478 -0.0212445376
v 0.00102125066 0.1217478 -0.0214386897
v 0.00506009403 0.1217478 -0.0208579917
v 0.00891605242 0.1217478 -0.0195234315
v 0.0124497615 0.1217478 -0.0174832437
v 0.0155335037 0.1217478 -0.0148111658
v 0.0180558246 0.1217478 -0.0116037739
v 0.0199255609 0.1217478 -0.00797699129
v 0.0210751356 0.1217478 -0.00406189946
v 3.7913907e-17 0.1217478 -0.00198374
v 0.000441423678 0.1217478 -0.0019340035
v 0.000860712529 0.1217478 -0.00178728798
v 0.00123684166 0.1217478 -0.00155095039
v 0.00155095039 0.1217478 -0.00123684166
v 0.00178728798 0.1217478 -0.000860712529
v 0.0019340035 0.1217478 -0.000441423678
v 0.00198374 0.1217478 -3.14863874e-16
v 0.00198374 0.1217478 -3.14863874e-16
v 0.00192303808 0.1217478 0.00048697938
v 0.00174464726 0.1217478 0.000944155881
v 0.00145948495 0.1217478 0.00134355054
v 0.00108500294 0.1217478 0.00166072063
v 0.000644119325 0.1217478 0.0018762555
v 0.000163815951 0.1217478 0.00197696452
v -0.000326512873 0.1217478 0.00195668437
v -0.000796859282 0.1217478 0.00181665618
v -0.00121843833 0.1217478 0.00156544959
v -0.00156544959 0.1217478 0.00121843833
v -0.00181665618 0.1217478 0.000796859282
v -0.00195668437 0.1217478 0.000326512873
v -0.00197696452 0.1217478 -0.000163815951
v -0.0018762555 0.1217478 -0.000644119325
v -0.00166072063 0.1217478 -0.00108500294
v -0.00134355054 0.1217478 -0.00145948495
v -0.000944155881 0.1217478 -0.00174464726
v -0.00048697938 0.1217478 -0.00192303808
v 0.00249174 0.1222558 -3.16901842e-16
v 0.00241933456 0.1222558 0.000596312413
v 0.0022063262 0.1222558 0.00115796932
v 0.00186509417 0.1222558 0.00165232925
v 0.00141546965 0.1222558 0.00205066182
v 0.000883583181 0.1222558 0.00232981737
v 0.000300346068 0.1222558 0.00247357241
v -0.000300346068 0.1222558 0.00247357241
v -0.000883583181 0.1222558 0.00232981737
v -0.00141546965 0.1222558 0.00205066182
v -0.00186509417 0.1222558 0.00165232925
v -0.0022063262 0.1222558 0.00115796932
v -0.00241933456 0.1222558 0.000596312413
v -0.00249174 0.1222558 -3.07846365e-16
v -0.00241933456 0.1222558 -0.000596312413
v -0.0022063262 0.1222558 -0.00115796932
v -0.00186509417 0.1222558 -0.00165232925
v -0.00141546965 0.1222558 -0.00205066182
v -0.000883583181 0.1222558 -0.00232981737
v -0.000300346068 0.1222558 -0.00247357241
v 0.000300346068 0.1222558 -0.00247357241
v 0.000883583181 0.1222558 -0.00232981737
v 0.00141546965 0.1222558 -0.00205066182
v 0.00186509417 0.1222558 -0.00165232925
v 0.0022063262 0.1222558 -0.00115796932
v 0.00241933456 0.1222558 -0.000596312413
v 0.00249174 0.1222558 -3.16901842e-16
v 2.62788236e-17 0.006508 0.00198374
v -0.00048697938 0.006508 0.00192303808
v -0.000944155881 0.006508 0.00174464726
v -0.00134355054 0.006508 0.00145948495
v -0.00166072063 0.006508 0.00108500294
v -0.0018762555 0.006508 0.000644119325
v -0.00197696452 0.006508 0.000163815951
v -0.00195668437 0.006508 -0.000326512873
v -0.00181665618 0.006508 -0.000796859282
v -0.00156544959 0.006508 -0.00121843833
v -0.00121843833 0.006508 -0.00156544959
v -0.000796859282 0.006508 -0.00181665618
v -0.000326512873 0.006508 -0.00195668437
v 0.000163815951 0.006508 -0.00197696452
v 0.000644119325 0.006508 -0.0018762555
v 0.00108500294 0.006508 -0.00166072063
v 0.00145948495 0.006508 -0.00134355054
v 0.00174464726 0.006508 -0.000944155881
v 0.00192303808 0.006508 -0.00048697938
v 0.00198374 0.006508 -3.71998555e-18
v 0.00249174 0.006 -3.01478423e-18
v 0.00249174 0.006 -3.01478423e-18
v 0.00241933456 0.006 0.000596312413
v 0.0022063262 0.006 0.00115796932
v 0.00186509417 0.006 0.00165232925
v 0.00141546965 0.006 0.00205066182
v 0.000883583181 0.006 0.00232981737
v 0.000300346068 0.006 0.00247357241
v -0.000300346068 0.006 0.00247357241
v -0.000883583181 0.006 0.00232981737
v -0.00141546965 0.006 0.00205066182
v -0.00186509417 0.006 0.00165232925
v -0.0022063262 0.006 0.00115796932
v -0.00241933456 0.006 0.000596312413
v -0.00249174 0.006 6.04069219e-18
v -0.00241933456 0.006 -0.000596312413
v -0.0022063262 0.006 -0.00115796932
v -0.00186509417 0.006 -0.00165232925
v -0.00141546965 0.006 -0.00205066182
v -0.000883583181 0.006 -0.00232981737
v -0.000300346068 0.006 -0.00247357241
v 0.000300346068 0.006 -0.00247357241
v 0.000883583181 0.006 -0.00232981737
v 0.00141546965 0.006 -0.00205066182
v 0.00186509417 0.006 -0.00165232925
v 0.0022063262 0.006 -0.00115796932
v 0.00241933456 0.006 -0.000596312413
v 0.00198374 0.006508 -3.71998555e-18
v 0.0019340035 0.006508 0.000441423678
v 0.00178728798 0.006508 0.000860712529
v 0.00155095039 0.006508 0.00123684166
v 0.00123684166 0.006508 0.00155095039
v 0.000860712529 0.006508 0.00178728798
v 0.000441423678 0.006508 0.0019340035
v -0.00951907149 0.1072698 0.00951907149
v -0.0115205275 0.1072698 0.00696440165
v -0.0128524523 0.1072698 0.00400498611
v -0.0134374393 0.1072698 0.000812815332
v -0.0132414912 0.1072698 -0.00242659332
v -0.0122759957 0.1072698 -0.00552497719
v -0.010597064 0.1072698 -0.00830226946
v -0.00830226946 0.1072698 -0.010597064
v -0.00552497719 0.1072698 -0.0122759957
v -0.00242659332 0.1072698 -0.0132414912
v 0.000812815332 0.1072698 -0.0134374393
v 0.00400498611 0.1072698 -0.0128524523
v 0.00696440165 0.1072698 -0.0115205275
v 0.00951907149 0.1072698 -0.00951907149
v 0.0115205275 0.1072698 -0.00696440165
v 0.0128524523 0.1072698 -0.00400498611
v 0.0134374393 0.1072698 -0.000812815332
v 0.0132414912 0.1072698 0.00242659332
v 0.0122759957 0.1072698 0.00552497719
v 0.010597064 0.1072698 0.00830226946
v 0.00830226946 0.1072698 0.010597064
v 0.00552497719 0.1072698 0.0122759957
v 0.00242659332 0.1072698 0.0132414912
v -0.000812815332 0.1072698 0.0134374393
v -0.00400498611 0.1072698 0.0128524523
v -0.00696440165 0.1072698 0.0115205275
v -0.00951907149 0.1072698 0.00951907149
v -0.00951907149 0.1169218 0.00951907149
v -0.0115205275 0.1169218 0.00696440165
v -0.0128524523 0.1169218 0.00400498611
v -0.0134374393 0.1169218 0.000812815332
v -0.0132414912 0.1169218 -0.00242659332
v -0.0122759957 0.1169218 -0.00552497719
v -0.010597064 0.1169218 -0.00830226946
v -0.00830226946 0.1169218 -0.010597064
v -0.00552497719 0.1169218 -0.0122759957
v -0.00242659332 0.1169218 -0.0132414912
v 0.000812815332 0.1169218 -0.0134374393
v 0.00400498611 0.1169218 -0.0128524523
v 0.00696440165 0.1169218 -0.0115205275
v 0.00951907149 0.1169218 -0.00951907149
v 0.0115205275 0.1169218 -0.00696440165
v 0.0128524523 0.1169218 -0.00400498611
v 0.0134374393 0.1169218 -0.000812815332
v 0.0132414912 0.1169218 0.00242659332
v 0.0122759957 0.1169218 0.00552497719
v 0.010597064 0.1169218 0.00830226946
v 0.00830226946 0.1169218 0.010597064
v 0.00552497719 0.1169218 0.0122759957
v 0.00242659332 0.1169218 0.0132414912
v -0.000812815332 0.1169218 0.0134374393
v -0.00400498611 0.1169218 0.0128524523
v -0.00696440165 0.1169218 0.0115205275
v -0.00951907149 0.1169218 0.00951907149
v -0.0155358431 0.1062538 0.0155358431
v -0.0181952678 0.1062538 0.0123149125
v -0.0201970681 0.1062538 0.00864888894
v -0.0214688938 0.1062538 0.00467027198
v -0.0219647777 0.1062538 0.000522859213
v -0.0216667973 0.1062538 -0.00364345105
v -0.0205857224 0.1062538 -0.00767807749
v -0.0187606259 0.1062538 -0.0114351982
v -0.0162574714 0.1062538 -0.0147790211
v -0.0131667296 0.1062538 -0.0175886916
v -0.00960010788 0.1062538 -0.019762661
v -0.00568651324 0.1062538 -0.0212223563
v -0.00156739319 0.1062538 -0.0219150204
v 0.00260837653 0.1062538 -0.0218156186
v 0.00668987272 0.1062538 -0.0209277434
v 0.0105295795 0.1062538 -0.0192834851
v 0.0139887198 0.1062538 -0.0169422714
v 0.0169422714 0.1062538 -0.0139887198
v 0.0192834851 0.1062538 -0.0105295795
v 0.0209277434 0.1062538 -0.00668987272
v 0.0218156186 0.1062538 -0.00260837653
v 0.0219150204 0.1062538 0.00156739319
v 0.0212223563 0.1062538 0.00568651324
v 0.019762661 0.1062538 0.00960010788
v 0.0175886916 0.1062538 0.0131667296
v 0.0147790211 0.1062538 0.0162574714
v 0.0114351982 0.1062538 0.0187606259
v 0.00767807749 0.1062538 0.0205857224
v 0.00364345105 0.1062538 0.0216667973
v -0.000522859213 0.1062538 0.0219647777
v -0.00467027198 0.1062538 0.0214688938
v -0.00864888894 0.1062538 0.0201970681
v -0.0123149125 0.1062538 0.0181952678
v -0.0155358431 0.1062538 0.0155358431
v -0.0155358431 0.1179378 0.0155358431
v -0.0181952678 0.1179378 0.0123149125
v -0.0201970681 0.1179378 0.00864888894
v -0.0214688938 0.1179378 0.00467027198
v -0.0219647777 0.1179378 0.000522859213
v -0.0216667973 0.1179378 -0.00364345105
v -0.0205857224 0.1179378 -0.00767807749
v -0.0187606259 0.1179378 -0.0114351982
v -0.0162574714 0.1179378 -0.0147790211
v -0.0131667296 0.1179378 -0.0175886916
v -0.00960010788 0.1179378 -0.019762661
v -0.00568651324 0.1179378 -0.0212223563
v -0.00156739319 0.1179378 -0.0219150204
v 0.00260837653 0.1179378 -0.0218156186
v 0.00668987272 0.1179378 -0.0209277434
v 0.0105295795 0.1179378 -0.0192834851
v 0.0139887198 0.1179378 -0.0169422714
v 0.0169422714 0.1179378 -0.0139887198
v 0.0192834851 0.1179378 -0.0105295795
v 0.0209277434 0.1179378 -0.00668987272
v 0.0218156186 0.1179378 -0.00260837653
v 0.0219150204 0.1179378 0.00156739319
v 0.0212223563 0.1179378 0.00568651324
v 0.019762661 0.1179378 0.00960010788
v 0.0175886916 0.1179378 0.0131667296
v 0.0147790211 0.1179378 0.0162574714
v 0.0114351982 0.1179378 0.0187606259
v 0.00767807749 0.1179378 0.0205857224
v 0.00364345105 0.1179378 0.0216667973
v -0.000522859213 0.1179378 0.0219647777
v -0.00467027198 0.1179378 0.0214688938
v -0.00864888894 0.1179378 0.0201970681
v -0.0123149125 0.1179378 0.0181952678
v -0.0155358431 0.1179378 0.0155358431
v -0.0151766328 0.1057458 0.0151766328
v -0.017774568 0.1057458 0.0120301747
v -0.0197300839 0.1057458 0.00844891463
v -0.0209725032 0.1057458 0.00456228881
v -0.0214569216 0.1057458 0.000510769982
v -0.0211658309 0.1057458 -0.0035592094
v -0.0201097519 0.1057458 -0.00750054969
v -0.0183268542 0.1057458 -0.0111708006
v -0.0158815761 0.1057458 -0.0144373096
v -0.0128622966 0.1057458 -0.0171820167
v -0.00937814007 0.1057458 -0.0193057209
v -0.00555503317 0.1057458 -0.020731666
v -0.00153115289 0.1057458 -0.0214083147
v 0.00254806724 0.1057458 -0.0213112112
v 0.00653519358 0.1057458 -0.0204438649
v 0.010286121 0.1057458 -0.0188376242
v 0.0136652812 0.1057458 -0.0165505425
v 0.0165505425 0.1057458 -0.0136652812
v 0.0188376242 0.1057458 -0.010286121
v 0.0204438649 0.1057458 -0.00653519358
v 0.0213112112 0.1057458 -0.00254806724
v 0.0214083147 0.1057458 0.00153115289
v 0.020731666 0.1057458 0.00555503317
v 0.0193057209 0.1057458 0.00937814007
v 0.0171820167 0.1057458 0.0128622966
v 0.0144373096 0.1057458 0.0158815761
v 0.0111708006 0.1057458 0.0183268542
v 0.00750054969 0.1057458 0.0201097519
v 0.0035592094 0.1057458 0.0211658309
v -0.000510769982 0.1057458 0.0214569216
v -0.00456228881 0.1057458 0.0209725032
v -0.00844891463 0.1057458 0.0197300839
v -0.0120301747 0.1057458 0.017774568
v -0.0105967022 0.1057458 0.0105967022
v -0.0126890088 0.1057458 0.0079730327
v -0.0141450356 0.1057458 0.00494956202
v -0.0148917712 0.1057458 0.00167789964
v -0.0148917712 0.1057458 -0.00167789964
v -0.0141450356 0.1057458 -0.00494956202
v -0.0126890088 0.1057458 -0.0079730327
v -0.0105967022 0.1057458 -0.0105967022
v -0.0079730327 0.1057458 -0.0126890088
v -0.00494956202 0.1057458 -0.0141450356
v -0.00167789964 0.1057458 -0.0148917712
v 0.00167789964 0.1057458 -0.0148917712
v 0.00494956202 0.1057458 -0.0141450356
v 0.0079730327 0.1057458 -0.0126890088
v 0.0105967022 0.1057458 -0.0105967022
v 0.0126890088 0.1057458 -0.0079730327
v 0.0141450356 0.1057458 -0.00494956202
v 0.0148917712 0.1057458 -0.00167789964
v 0.0148917712 0.1057458 0.00167789964
v 0.0141450356 0.1057458 0.00494956202
v 0.0126890088 0.1057458 0.0079730327
v 0.0105967022 0.1057458 0.0105967022
v 0.0079730327 0.1057458 0.0126890088
v 0.00494956202 0.1057458 0.0141450356
v 0.00167789964 0.1057458 0.0148917712
v -0.00167789964 0.1057458 0.0148917712
v -0.00494956202 0.1057458 0.0141450356
v -0.0079730327 0.1057458 0.0126890088
v -0.000762423745 0.1057458 -0.0158999763
v -0.000912963433 0.1057458 -0.0160887471
v -0.00101772332 0.1057458 -0.0163062832
v -0.00107145032 0.1057458 -0.0165416765
v -0.00107145032 0.1057458 -0.0167831235
v -0.00101772332 0.1057458 -0.0170185168
v -0.000912963433 0.1057458 -0.0172360529
v -0.000762423745 0.1057458 -0.0174248237
v -0.000551929816 0.1057458 -0.0175886577
v -0.000307658077 0.1057458 -0.0176958053
v -4.4557827e-05 0.1057458 -0.0177397089
v 0.000221269338 0.1057458 -0.0177176819
v 0.000473554938 0.1057458 -0.0176310721
v 0.000696859227 0.1057458 -0.0174851801
v 0.000877516102 0.1057458 -0.0172889345
v 0.00100446946 0.1057458 -0.0170543452
v 0.00106994982 0.1057458 -0.0167957691
v 0.00106994982 0.1057458 -0.0165290309
v 0.00100446946 0.1057458 -0.0162704548
v 0.000877516102 0.1057458 -0.0160358655
v 0.000696859227 0.1057458 -0.0158396199
v 0.000473554938 0.1057458 -0.0156937279
v 0.000221269338 0.1057458 -0.0156071181
v -4.4557827e-05 0.1057458 -0.0155850911
v -0.000307658077 0.1057458 -0.0156289947
v -0.000551929816 0.1057458 -0.0157361423
v -0.000762423745 0.1057458 0.0174248237
v -0.000912963433 0.1057458 0.0172360529
v -0.00101772332 0.1057458 0.0170185168
v -0.00107145032 0.1057458 0.0167831235
v -0.00107145032 0.1057458 0.0165416765
v -0.00101772332 0.1057458 0.0163062832
v -0.000912963433 0.1057458 0.0160887471
v -0.000762423745 0.1057458 0.0158999763
v -0.000551929816 0.1057458 0.0157361423
v -0.000307658077 0.1057458 0.0156289947
v -4.4557827e-05 0.1057458 0.0155850911
v 0.000221269338 0.1057458 0.0156071181
v 0.000473554938 0.1057458 0.0156937279
v 0.000696859227 0.1057458 0.0158396199
v 0.000877516102 0.1057458 0.0160358655
v 0.00100446946 0.1057458 0.0162704548
v 0.00106994982 0.1057458 0.0165290309
v 0.00106994982 0.1057458 0.0167957691
v 0.00100446946 0.1057458 0.0170543452
v 0.000877516102 0.1057458 0.0172889345
v 0.000696859227 0.1057458 0.0174851801
v 0.000473554938 0.1057458 0.0176310721
v 0.000221269338 0.1057458 0.0177176819
v -4.4557827e-05 0.1057458 0.0177397089
v -0.000307658077 0.1057458 0.0176958053
v -0.000551929816 0.1057458 0.0175886577
v -0.0143145283 0.1057458 -0.0126262401
v -0.0144920159 0.1057458 -0.0128527863
v -0.01461013 0.1057458 -0.013115225
v -0.0146620062 0.1057458 -0.0133983043
v -0.0146446296 0.1057458 -0.0136855726
v -0.0145590102 0.1057458 -0.013960335
v -0.0144101238 0.1057458 -0.0142066232
v -0.0142066232 0.1057458 -0.0144101238
v -0.013960335 0.1057458 -0.0145590102
v -0.0136855726 0.1057458 -0.0146446296
v -0.0133983043 0.1057458 -0.0146620062
v -0.013115225 0.1057458 -0.01461013
v -0.0128527863 0.1057458 -0.0144920159
v -0.0126262401 0.1057458 -0.0143145283
v -0.0124487525 0.1057458 -0.0140879821
v -0.0123306384 0.1057458 -0.0138255433
v -0.0122787622 0.1057458 -0.013542464
v -0.0122961387 0.1057458 -0.0132551957
v -0.0123817581 0.1057458 -0.0129804334
v -0.0125306445 0.1057458 -0.0127341452
v -0.0127341452 0.1057458 -0.0125306445
v -0.0129804334 0.1057458 -0.0123817581
v -0.0132551957 0.1057458 -0.0122961387
v -0.013542464 0.1057458 -0.0122787622
v -0.0138255433 0.1057458 -0.0123306384
v -0.0140879821 0.1057458 -0.0124487525
v 0.0126262401 0.1057458 0.0143145283
v 0.0124487525 0.1057458 0.0140879821
v 0.0123306384 0.1057458 0.0138255433
v 0.0122787622 0.1057458 0.013542464
v 0.0122961387 0.1057458 0.0132551957
v 0.0123817581 0.1057458 0.0129804334
v 0.0125306445 0.1057458 0.0127341452
v 0.0127341452 0.1057458 0.0125306445
v 0.0129804334 0.1057458 0.0123817581
v 0.0132551957 0.1057458 0.0122961387
v 0.013542464 0.1057458 0.0122787622
v 0.0138255433 0.1057458 0.0123306384
v 0.0140879821 0.1057458 0.0124487525
v 0.0143145283 0.1057458 0.0126262401
v 0.0144920159 0.1057458 0.0128527863
v 0.01461013 0.1057458 0.013115225
v 0.0146620062 0.1057458 0.0133983043
v 0.0146446296 0.1057458 0.0136855726
v 0.0145590102 0.1057458 0.013960335
v 0.0144101238 0.1057458 0.0142066232
v 0.0142066232 0.1057458 0.0144101238
v 0.013960335 0.1057458 0.0145590102
v 0.0136855726 0.1057458 0.0146446296
v 0.0133983043 0.1057458 0.0146620062
v 0.013115225 0.1057458 0.01461013
v 0.0128527863 0.1057458 0.0144920159
v 0.0108652119 0.1057458 -0.0108652119
v 0.0105534757 0.1057458 -0.0112631138
v 0.0103460221 0.1057458 -0.0117240567
v 0.0102549076 0.1057458 -0.0122212523
v 0.0102854275 0.1057458 -0.0127258055
v 0.0104358079 0.1057458 -0.0132083934
v 0.0106973095 0.1057458 -0.0136409698
v 0.0110547345 0.1057458 -0.0139983949
v 0.0114873109 0.1057458 -0.0142598964
v 0.0119698988 0.1057458 -0.0144102769
v 0.012474452 0.1057458 -0.0144407967
v 0.0129716476 0.1057458 -0.0143496822
v 0.0134325906 0.1057458 -0.0141422287
v 0.0138304925 0.1057458 -0.0138304925
v 0.0141422287 0.1057458 -0.0134325906
v 0.0143496822 0.1057458 -0.0129716476
v 0.0144407967 0.1057458 -0.012474452
v 0.0144102769 0.1057458 -0.0119698988
v 0.0142598964 0.1057458 -0.0114873109
v 0.0139983949 0.1057458 -0.0110547345
v 0.0136409698 0.1057458 -0.0106973095
v 0.0132083934 0.1057458 -0.0104358079
v 0.0127258055 0.1057458 -0.0102854275
v 0.0122212523 0.1057458 -0.0102549076
v 0.0117240567 0.1057458 -0.0103460221
v 0.0112631138 0.1057458 -0.0105534757
v -0.0138304925 0.1057458 0.0138304925
v -0.0141422287 0.1057458 0.0134325906
v -0.0143496822 0.1057458 0.0129716476
v -0.0144407967 0.1057458 0.012474452
v -0.0144102769 0.1057458 0.0119698988
v -0.0142598964 0.1057458 0.0114873109
v -0.0139983949 0.1057458 0.0110547345
v -0.0136409698 0.1057458 0.0106973095
v -0.0132083934 0.1057458 0.0104358079
v -0.0127258055 0.1057458 0.0102854275
v -0.0122212523 0.1057458 0.0102549076
v -0.0117240567 0.1057458 0.0103460221
v -0.0112631138 0.1057458 0.0105534757
v -0.0108652119 0.1057458 0.0108652119
v -0.0105534757 0.1057458 0.0112631138
v -0.0103460221 0.1057458 0.0117240567
v -0.0102549076 0.1057458 0.0122212523
v -0.0102854275 0.1057458 0.0127258055
v -0.0104358079 0.1057458 0.0132083934
v -0.0106973095 0.1057458 0.0136409698
v -0.0110547345 0.1057458 0.0139983949
v -0.0114873109 0.1057458 0.0142598964
v -0.0119698988 0.1057458 0.0144102769
v -0.012474452 0.1057458 0.0144407967
v -0.0129716476 0.1057458 0.0143496822
v -0.0134325906 0.1057458 0.0141422287
v -0.0151766328 0.1184458 0.0151766328
v -0.017774568 0.1184458 0.0120301747
v -0.0197300839 0.1184458 0.00844891463
v -0.0209725032 0.1184458 0.00456228881
v -0.0214569216 0.1184458 0.000510769982
v -0.0211658309 0.1184458 -0.0035592094
v -0.0201097519 0.1184458 -0.00750054969
v -0.0183268542 0.1184458 -0.0111708006
v -0.0158815761 0.1184458 -0.0144373096
v -0.0128622966 0.1184458 -0.0171820167
v -0.00937814007 0.1184458 -0.0193057209
v -0.00555503317 0.1184458 -0.020731666
v -0.00153115289 0.1184458 -0.0214083147
v 0.00254806724 0.1184458 -0.0213112112
v 0.00653519358 0.1184458 -0.0204438649
v 0.010286121 0.1184458 -0.0188376242
v 0.0136652812 0.1184458 -0.0165505425
v 0.0165505425 0.1184458 -0.0136652812
v 0.0188376242 0.1184458 -0.010286121
v 0.0204438649 0.1184458 -0.00653519358
v 0.0213112112 0.1184458 -0.00254806724
v 0.0214083147 0.1184458 0.00153115289
v 0.020731666 0.1184458 0.00555503317
v 0.0193057209 0.1184458 0.00937814007
v 0.0171820167 0.1184458 0.0128622966
v 0.0144373096 0.1184458 0.0158815761
v 0.0111708006 0.1184458 0.0183268542
v 0.00750054969 0.1184458 0.0201097519
v 0.0035592094 0.1184458 0.0211658309
v -0.000510769982 0.1184458 0.0214569216
v -0.00456228881 0.1184458 0.0209725032
v -0.00844891463 0.1184458 0.0197300839
v -0.0120301747 0.1184458 0.017774568
v -0.0105967022 0.1184458 0.0105967022
v -0.0126890088 0.1184458 0.0079730327
v -0.0141450356 0.1184458 0.00494956202
v -0.0148917712 0.1184458 0.00167789964
v -0.0148917712 0.1184458 -0.00167789964
v -0.0141450356 0.1184458 -0.00494956202
v -0.0126890088 0.1184458 -0.0079730327
v -0.0105967022 0.1184458 -0.0105967022
v -0.0079730327 0.1184458 -0.0126890088
v -0.00494956202 0.1184458 -0.0141450356
v -0.00167789964 0.1184458 -0.0148917712
v 0.00167789964 0.1184458 -0.0148917712
v 0.00494956202 0.1184458 -0.0141450356
v 0.0079730327 0.1184458 -0.0126890088
v 0.0105967022 0.1184458 -0.0105967022
v 0.0126890088 0.1184458 -0.0079730327
v 0.0141450356 0.1184458 -0.00494956202
v 0.0148917712 0.1184458 -0.00167789964
v 0.0148917712 0.1184458 0.00167789964
v 0.0141450356 0.1184458 0.00494956202
v 0.0126890088 0.1184458 0.0079730327
v 0.0105967022 0.1184458 0.0105967022
v 0.0079730327 0.1184458 0.0126890088
v 0.00494956202 0.1184458 0.0141450356
v 0.00167789964 0.1184458 0.0148917712
v -0.00167789964 0.1184458 0.0148917712
v -0.00494956202 0.1184458 0.0141450356
v -0.0079730327 0.1184458 0.0126890088
v -0.000762423745 0.1184458 -0.0174248237
v -0.000922729041 0.1184458 -0.0172202092
v -0.00102940868 0.1184458 -0.0169831767
v -0.00107626283 0.1184458 -0.0167275019
v -0.00106056849 0.1184458 -0.0164680436
v -0.000983237771 0.1184458 -0.0162198806
v -0.000848764844 0.1184458 -0.0159974352
v -0.00066496479 0.1184458 -0.0158136352
v -0.000442519399 0.1184458 -0.0156791622
v -0.000194356389 0.1184458 -0.0156018315
v 6.51019073e-05 0.1184458 -0.0155861372
v 0.000320776718 0.1184458 -0.0156329913
v 0.000557809151 0.1184458 -0.015739671
v 0.000762423745 0.1184458 -0.0158999763
v 0.000922729041 0.1184458 -0.0161045908
v 0.00102940868 0.1184458 -0.0163416233
v 0.00107626283 0.1184458 -0.0165972981
v 0.00106056849 0.1184458 -0.0168567564
v 0.000983237771 0.1184458 -0.0171049194
v 0.000848764844 0.1184458 -0.0173273648
v 0.00066496479 0.1184458 -0.0175111648
v 0.000442519399 0.1184458 -0.0176456378
v 0.000194356389 0.1184458 -0.0177229685
v -6.51019073e-05 0.1184458 -0.0177386628
v -0.000320776718 0.1184458 -0.0176918087
v -0.000557809151 0.1184458 -0.017585129
v -0.000762423745 0.1184458 0.0158999763
v -0.000922729041 0.1184458 0.0161045908
v -0.00102940868 0.1184458 0.0163416233
v -0.00107626283 0.1184458 0.0165972981
v -0.00106056849 0.1184458 0.0168567564
v -0.000983237771 0.1184458 0.0171049194
v -0.000848764844 0.1184458 0.0173273648
v -0.00066496479 0.1184458 0.0175111648
v -0.000442519399 0.1184458 0.0176456378
v -0.000194356389 0.1184458 0.0177229685
v 6.51019073e-05 0.1184458 0.0177386628
v 0.000320776718 0.1184458 0.0176918087
v 0.000557809151 0.1184458 0.017585129
v 0.000762423745 0.1184458 0.0174248237
v 0.000922729041 0.1184458 0.0172202092
v 0.00102940868 0.1184458 0.0169831767
v 0.00107626283 0.1184458 0.0167275019
v 0.00106056849 0.1184458 0.0164680436
v 0.000983237771 0.1184458 0.0162198806
v 0.000848764844 0.1184458 0.0159974352
v 0.00066496479 0.1184458 0.0158136352
v 0.000442519399 0.1184458 0.0156791622
v 0.000194356389 0.1184458 0.0156018315
v -6.51019073e-05 0.1184458 0.0155861372
v -0.000320776718 0.1184458 0.0156329913
v -0.000557809151 0.1184458 0.015739671
v -0.0123011548 0.1184458 -0.0146396135
v -0.0120553156 0.1184458 -0.014325823
v -0.011891715 0.1184458 -0.0139623174
v -0.011819861 0.1184458 -0.0135702224
v -0.0118439293 0.1184458 -0.0131723253
v -0.0119625213 0.1184458 -0.0127917502
v -0.0121687448 0.1184458 -0.0124506149
v -0.0124506149 0.1184458 -0.0121687448
v -0.0127917502 0.1184458 -0.0119625213
v -0.0131723253 0.1184458 -0.0118439293
v -0.0135702224 0.1184458 -0.011819861
v -0.0139623174 0.1184458 -0.011891715
v -0.014325823 0.1184458 -0.0120553156
v -0.0146396135 0.1184458 -0.0123011548
v -0.0148854527 0.1184458 -0.0126149454
v -0.0150490533 0.1184458 -0.012978451
v -0.0151209074 0.1184458 -0.0133705459
v -0.015096839 0.1184458 -0.0137684431
v -0.0149782471 0.1184458 -0.0141490182
v -0.0147720236 0.1184458 -0.0144901535
v -0.0144901535 0.1184458 -0.0147720236
v -0.0141490182 0.1184458 -0.0149782471
v -0.0137684431 0.1184458 -0.015096839
v -0.0133705459 0.1184458 -0.0151209074
v -0.012978451 0.1184458 -0.0150490533
v -0.0126149454 0.1184458 -0.0148854527
v 0.0146396135 0.1184458 0.0123011548
v 0.0148854527 0.1184458 0.0126149454
v 0.0150490533 0.1184458 0.012978451
v 0.0151209074 0.1184458 0.0133705459
v 0.015096839 0.1184458 0.0137684431
v 0.0149782471 0.1184458 0.0141490182
v 0.0147720236 0.1184458 0.0144901535
v 0.0144901535 0.1184458 0.0147720236
v 0.0141490182 0.1184458 0.0149782471
v 0.0137684431 0.1184458 0.015096839
v 0.0133705459 0.1184458 0.0151209074
v 0.012978451 0.1184458 0.0150490533
v 0.0126149454 0.1184458 0.0148854527
v 0.0123011548 0.1184458 0.0146396135
v 0.0120553156 0.1184458 0.014325823
v 0.011891715 0.1184458 0.0139623174
v 0.011819861 0.1184458 0.0135702224
v 0.0118439293 0.1184458 0.0131723253
v 0.0119625213 0.1184458 0.0127917502
v 0.0121687448 0.1184458 0.0124506149
v 0.0124506149 0.1184458 0.0121687448
v 0.0127917502 0.1184458 0.0119625213
v 0.0131723253 0.1184458 0.0118439293
v 0.0135702224 0.1184458 0.011819861
v 0.0139623174 0.1184458 0.011891715
v 0.014325823 0.1184458 0.0120553156
v -0.0134712822 0.1062538 0.0134712822
v -0.0137074918 0.1062538 0.013169783
v -0.013864684 0.1062538 0.0128205161
v -0.0139337235 0.1062538 0.0124437797
v -0.013910598 0.1062538 0.0120614684
v -0.0137966513 0.1062538 0.0116958006
v -0.0135985057 0.1062538 0.0113680277
v -0.0133276766 0.1062538 0.0110971987
v -0.0129999037 0.1062538 0.010899053
v -0.012634236 0.1062538 0.0107851064
v -0.0122519246 0.1062538 0.0107619808
v -0.0118751882 0.1062538 0.0108310203
v -0.0115259214 0.1062538 0.0109882126
v -0.0112244221 0.1062538 0.0112244221
v -0.0109882126 0.1062538 0.0115259214
v -0.0108310203 0.1062538 0.0118751882
v -0.0107619808 0.1062538 0.0122519246
v -0.0107851064 0.1062538 0.012634236
v -0.010899053 0.1062538 0.0129999037
v -0.0110971987 0.1062538 0.0133276766
v -0.0113680277 0.1062538 0.0135985057
v -0.0116958006 0.1062538 0.0137966513
v -0.0120614684 0.1062538 0.013910598
v -0.0124437797 0.1062538 0.0139337235
v -0.0128205161 0.1062538 0.013864684
v -0.013169783 0.1062538 0.0137074918
v -0.0134712822 0.1062538 0.0134712822
v -0.0134712822 0.111141171 0.0134712822
v -0.0112244221 0.111141171 0.0112244221
v -0.0115259214 0.111141171 0.0109882126
v -0.0118751882 0.111141171 0.0108310203
v -0.0122519246 0.111141171 0.0107619808
v -0.012634236 0.111141171 0.0107851064
v -0.0129999037 0.111141171 0.010899053
v -0.0133276766 0.111141171 0.0110971987
v -0.0135985057 0.111141171 0.0113680277
v -0.0137966513 0.111141171 0.0116958006
v -0.013910598 0.111141171 0.0120614684
v -0.0139337235 0.111141171 0.0124437797
v -0.013864684 0.111141171 0.0128205161
v -0.0137074918 0.111141171 0.013169783
v -0.0134712822 0.111141171 0.0134712822
v -0.013169783 0.111141171 0.0137074918
v -0.0128205161 0.111141171 0.013864684
v -0.0124437797 0.111141171 0.0139337235
v -0.0120614684 0.111141171 0.013910598
v -0.0116958006 0.111141171 0.0137966513
v -0.0113680277 0.111141171 0.0135985057
v -0.0110971987 0.111141171 0.0133276766
v -0.010899053 0.111141171 0.0129999037
v -0.0107851064 0.111141171 0.012634236
v -0.0107619808 0.111141171 0.0122519246
v -0.0108310203 0.111141171 0.0118751882
v -0.0109882126 0.111141171 0.0115259214
v -0.0134712822 0.111141171 0.0134712822
v -0.013169783 0.111141171 0.0137074918
v -0.0128205161 0.111141171 0.013864684
v -0.0124437797 0.111141171 0.0139337235
v -0.0120614684 0.111141171 0.013910598
v -0.0116958006 0.111141171 0.0137966513
v -0.0113680277 0.111141171 0.0135985057
v -0.0110971987 0.111141171 0.0133276766
v -0.010899053 0.111141171 0.0129999037
v -0.0107851064 0.111141171 0.012634236
v -0.0107619808 0.111141171 0.0122519246
v -0.0108310203 0.111141171 0.0118751882
v -0.0109882126 0.111141171 0.0115259214
v -0.0112244221 0.111141171 0.0112244221
v -0.0123478522 0.1120958 0.0123478522
v -0.0119733755 0.11177759 0.0119733755
v -0.0115988988 0.11145938 0.0115988988
v -0.0123478522 0.1120958 0.0123478522
v -0.0119733755 0.11177759 0.0119733755
v -0.0115988988 0.11145938 0.0115988988
v -0.0112244221 0.111141171 0.0112244221
v -0.0115259214 0.111141171 0.0109882126
v -0.0118751882 0.111141171 0.0108310203
v -0.0122519246 0.111141171 0.0107619808
v -0.012634236 0.111141171 0.0107851064
v -0.0129999037 0.111141171 0.010899053
v -0.0133276766 0.111141171 0.0110971987
v -0.0135985057 0.111141171 0.0113680277
v -0.0137966513 0.111141171 0.0116958006
v -0.013910598 0.111141171 0.0120614684
v -0.0139337235 0.111141171 0.0124437797
v -0.013864684 0.111141171 0.0128205161
v -0.0137074918 0.111141171 0.013169783
v -0.0118422415 0.11177759 0.0121902975
v -0.0118269369 0.11177759 0.0124433134
v -0.0113366309 0.11145938 0.0120327429
v -0.0119309677 0.11177759 0.0126744603
v -0.0113060216 0.11145938 0.0125387747
v -0.0121305016 0.11177759 0.0128307852
v -0.0115140832 0.11145938 0.0130010685
v -0.012379828 0.11177759 0.012876476
v -0.0119131511 0.11145938 0.0133137182
v -0.0126218291 0.11177759 0.0128010654
v -0.0124118039 0.11145938 0.0134050997
v -0.0128010654 0.11177759 0.0126218291
v -0.012895806 0.11145938 0.0132542786
v -0.012876476 0.11177759 0.012379828
v -0.0132542786 0.11145938 0.012895806
v -0.0128307852 0.11177759 0.0121305016
v -0.0134050997 0.11145938 0.0124118039
v -0.0126744603 0.11177759 0.0119309677
v -0.0133137182 0.11145938 0.0119131511
v -0.0124433134 0.11177759 0.0118269369
v -0.0130010685 0.11145938 0.0115140832
v -0.0121902975 0.11177759 0.0118422415
v -0.0125387747 0.11145938 0.0113060216
v -0.0120327429 0.11145938 0.0113366309
v 0.0112244221 0.1062538 -0.0112244221
v 0.0109882126 0.1062538 -0.0115259214
v 0.0108310203 0.1062538 -0.0118751882
v 0.0107619808 0.1062538 -0.0122519246
v 0.0107851064 0.1062538 -0.012634236
v 0.010899053 0.1062538 -0.0129999037
v 0.0110971987 0.1062538 -0.0133276766
v 0.0113680277 0.1062538 -0.0135985057
v 0.0116958006 0.1062538 -0.0137966513
v 0.0120614684 0.1062538 -0.013910598
v 0.0124437797 0.1062538 -0.0139337235
v 0.0128205161 0.1062538 -0.013864684
v 0.013169783 0.1062538 -0.0137074918
v 0.0134712822 0.1062538 -0.0134712822
v 0.0137074918 0.1062538 -0.013169783
v 0.013864684 0.1062538 -0.0128205161
v 0.0139337235 0.1062538 -0.0124437797
v 0.013910598 0.1062538 -0.0120614684
v 0.0137966513 0.1062538 -0.0116958006
v 0.0135985057 0.1062538 -0.0113680277
v 0.0133276766 0.1062538 -0.0110971987
v 0.0129999037 0.1062538 -0.010899053
v 0.012634236 0.1062538 -0.0107851064
v 0.0122519246 0.1062538 -0.0107619808
v 0.0118751882 0.1062538 -0.0108310203
v 0.0115259214 0.1062538 -0.0109882126
v 0.0112244221 0.1062538 -0.0112244221
v 0.0112244221 0.111141171 -0.0112244221
v 0.0134712822 0.111141171 -0.0134712822
v 0.013169783 0.111141171 -0.0137074918
v 0.0128205161 0.111141171 -0.013864684
v 0.0124437797 0.111141171 -0.0139337235
v 0.0120614684 0.111141171 -0.013910598
v 0.0116958006 0.111141171 -0.0137966513
v 0.0113680277 0.111141171 -0.0135985057
v 0.0110971987 0.111141171 -0.0133276766
v 0.010899053 0.111141171 -0.0129999037
v 0.0107851064 0.111141171 -0.012634236
v 0.0107619808 0.111141171 -0.0122519246
v 0.0108310203 0.111141171 -0.0118751882
v 0.0109882126 0.111141171 -0.0115259214
v 0.0112244221 0.111141171 -0.0112244221
v 0.0115259214 0.111141171 -0.0109882126
v 0.0118751882 0.111141171 -0.0108310203
v 0.0122519246 0.111141171 -0.0107619808
v 0.012634236 0.111141171 -0.0107851064
v 0.0129999037 0.111141171 -0.010899053
v 0.0133276766 0.111141171 -0.0110971987
v 0.0135985057 0.111141171 -0.0113680277
v 0.0137966513 0.111141171 -0.0116958006
v 0.013910598 0.111141171 -0.0120614684
v 0.0139337235 0.111141171 -0.0124437797
v 0.013864684 0.111141171 -0.0128205161
v 0.0137074918 0.111141171 -0.013169783
v 0.0112244221 0.111141171 -0.0112244221
v 0.0115259214 0.111141171 -0.0109882126
v 0.0118751882 0.111141171 -0.0108310203
v 0.0122519246 0.111141171 -0.0107619808
v 0.012634236 0.111141171 -0.0107851064
v 0.0129999037 0.111141171 -0.010899053
v 0.0133276766 0.111141171 -0.0110971987
v 0.0135985057 0.111141171 -0.0113680277
v 0.0137966513 0.111141171 -0.0116958006
v 0.013910598 0.111141171 -0.0120614684
v 0.0139337235 0.111141171 -0.0124437797
v 0.013864684 0.111141171 -0.0128205161
v 0.0137074918 0.111141171 -0.013169783
v 0.0134712822 0.111141171 -0.0134712822
v 0.0123478522 0.1120958 -0.0123478522
v 0.0127223288 0.11177759 -0.0127223288
v 0.0130968055 0.11145938 -0.0130968055
v 0.0123478522 0.1120958 -0.0123478522
v 0.0127223288 0.11177759 -0.0127223288
v 0.0130968055 0.11145938 -0.0130968055
v 0.0134712822 0.111141171 -0.0134712822
v 0.013169783 0.111141171 -0.0137074918
v 0.0128205161 0.111141171 -0.013864684
v 0.0124437797 0.111141171 -0.0139337235
v 0.0120614684 0.111141171 -0.013910598
v 0.0116958006 0.111141171 -0.0137966513
v 0.0113680277 0.111141171 -0.0135985057
v 0.0110971987 0.111141171 -0.0133276766
v 0.010899053 0.111141171 -0.0129999037
v 0.0107851064 0.111141171 -0.012634236
v 0.0107619808 0.111141171 -0.0122519246
v 0.0108310203 0.111141171 -0.0118751882
v 0.0109882126 0.111141171 -0.0115259214
v 0.0128534628 0.11177759 -0.0125054068
v 0.0128687674 0.11177759 -0.0122523909
v 0.0133590734 0.11145938 -0.0126629615
v 0.0127647367 0.11177759 -0.012021244
v 0.0133896827 0.11145938 -0.0121569296
v 0.0125652027 0.11177759 -0.0118649191
v 0.0131816212 0.11145938 -0.0116946359
v 0.0123158763 0.11177759 -0.0118192284
v 0.0127825532 0.11145938 -0.0113819861
v 0.0120738752 0.11177759 -0.011894639
v 0.0122839005 0.11145938 -0.0112906046
v 0.011894639 0.11177759 -0.0120738752
v 0.0117998983 0.11145938 -0.0114414258
v 0.0118192284 0.11177759 -0.0123158763
v 0.0114414258 0.11145938 -0.0117998983
v 0.0118649191 0.11177759 -0.0125652027
v 0.0112906046 0.11145938 -0.0122839005
v 0.012021244 0.11177759 -0.0127647367
v 0.0113819861 0.11145938 -0.0127825532
v 0.0122523909 0.11177759 -0.0128687674
v 0.0116946359 0.11145938 -0.0131816212
v 0.0125054068 0.11177759 -0.0128534628
v 0.0121569296 0.11145938 -0.0133896827
v 0.0126629615 0.11145938 -0.0133590734
v 0.0112244221 0.1062538 -0.0112244221
v 0.0109882126 0.1062538 -0.0115259214
v 0.0108310203 0.1062538 -0.0118751882
v 0.0107619808 0.1062538 -0.0122519246
v 0.0107851064 0.1062538 -0.012634236
v 0.010899053 0.1062538 -0.0129999037
v 0.0110971987 0.1062538 -0.0133276766
v 0.0113680277 0.1062538 -0.0135985057
v 0.0116958006 0.1062538 -0.0137966513
v 0.0120614684 0.1062538 -0.013910598
v 0.0124437797 0.1062538 -0.0139337235
v 0.0128205161 0.1062538 -0.013864684
v 0.013169783 0.1062538 -0.0137074918
v 0.0134712822 0.1062538 -0.0134712822
v 0.0137074918 0.1062538 -0.013169783
v 0.013864684 0.1062538 -0.0128205161
v 0.0139337235 0.1062538 -0.0124437797
v 0.013910598 0.1062538 -0.0120614684
v 0.0137966513 0.1062538 -0.0116958006
v 0.0135985057 0.1062538 -0.0113680277
v 0.0133276766 0.1062538 -0.0110971987
v 0.0129999037 0.1062538 -0.010899053
v 0.012634236 0.1062538 -0.0107851064
v 0.0122519246 0.1062538 -0.0107619808
v 0.0118751882 0.1062538 -0.0108310203
v 0.0115259214 0.1062538 -0.0109882126
v 0.0112244221 0.1062538 -0.0112244221
v 0.0108652119 0.1057458 -0.0108652119
v 0.0108652119 0.1057458 -0.0108652119
v 0.0105534757 0.1057458 -0.0112631138
v 0.0103460221 0.1057458 -0.0117240567
v 0.0102549076 0.1057458 -0.0122212523
v 0.0102854275 0.1057458 -0.0127258055
v 0.0104358079 0.1057458 -0.0132083934
v 0.0106973095 0.1057458 -0.0136409698
v 0.0110547345 0.1057458 -0.0139983949
v 0.0114873109 0.1057458 -0.0142598964
v 0.0119698988 0.1057458 -0.0144102769
v 0.012474452 0.1057458 -0.0144407967
v 0.0129716476 0.1057458 -0.0143496822
v 0.0134325906 0.1057458 -0.0141422287
v 0.0138304925 0.1057458 -0.0138304925
v 0.0141422287 0.1057458 -0.0134325906
v 0.0143496822 0.1057458 -0.0129716476
v 0.0144407967 0.1057458 -0.012474452
v 0.0144102769 0.1057458 -0.0119698988
v 0.0142598964 0.1057458 -0.0114873109
v 0.0139983949 0.1057458 -0.0110547345
v 0.0136409698 0.1057458 -0.0106973095
v 0.0132083934 0.1057458 -0.0104358079
v 0.0127258055 0.1057458 -0.0102854275
v 0.0122212523 0.1057458 -0.0102549076
v 0.0117240567 0.1057458 -0.0103460221
v 0.0112631138 0.1057458 -0.0105534757
v -0.0134712822 0.1062538 0.0134712822
v -0.0137074918 0.1062538 0.013169783
v -0.013864684 0.1062538 0.0128205161
v -0.0139337235 0.1062538 0.0124437797
v -0.013910598 0.1062538 0.0120614684
v -0.0137966513 0.1062538 0.0116958006
v -0.0135985057 0.1062538 0.0113680277
v -0.0133276766 0.1062538 0.0110971987
v -0.0129999037 0.1062538 0.010899053
v -0.012634236 0.1062538 0.0107851064
v -0.0122519246 0.1062538 0.0107619808
v -0.0118751882 0.1062538 0.0108310203
v -0.0115259214 0.1062538 0.0109882126
v -0.0112244221 0.1062538 0.0112244221
v -0.0109882126 0.1062538 0.0115259214
v -0.0108310203 0.1062538 0.0118751882
v -0.0107619808 0.1062538 0.0122519246
v -0.0107851064 0.1062538 0.012634236
v -0.010899053 0.1062538 0.0129999037
v -0.0110971987 0.1062538 0.0133276766
v -0.0113680277 0.1062538 0.0135985057
v -0.0116958006 0.1062538 0.0137966513
v -0.0120614684 0.1062538 0.013910598
v -0.0124437797 0.1062538 0.0139337235
v -0.0128205161 0.1062538 0.013864684
v -0.013169783 0.1062538 0.0137074918
v -0.0134712822 0.1062538 0.0134712822
v -0.0138304925 0.1057458 0.0138304925
v -0.0138304925 0.1057458 0.0138304925
v -0.0141422287 0.1057458 0.0134325906
v -0.0143496822 0.1057458 0.0129716476
v -0.0144407967 0.1057458 0.012474452
v -0.0144102769 0.1057458 0.0119698988
v -0.0142598964 0.1057458 0.0114873109
v -0.0139983949 0.1057458 0.0110547345
v -0.0136409698 0.1057458 0.0106973095
v -0.0132083934 0.1057458 0.0104358079
v -0.0127258055 0.1057458 0.0102854275
v -0.0122212523 0.1057458 0.0102549076
v -0.0117240567 0.1057458 0.0103460221
v -0.0112631138 0.1057458 0.0105534757
v -0.0108652119 0.1057458 0.0108652119
v -0.0105534757 0.1057458 0.0112631138
v -0.0103460221 0.1057458 0.0117240567
v -0.0102549076 0.1057458 0.0122212523
v -0.0102854275 0.1057458 0.0127258055
v -0.0104358079 0.1057458 0.0132083934
v -0.0106973095 0.1057458 0.0136409698
v -0.0110547345 0.1057458 0.0139983949
v -0.0114873109 0.1057458 0.0142598964
v -0.0119698988 0.1057458 0.0144102769
v -0.012474452 0.1057458 0.0144407967
v -0.0129716476 0.1057458 0.0143496822
v -0.0134325906 0.1057458 0.0141422287
v -0.0155358431 0.1062538 0.0155358431
v -0.0181952678 0.1062538 0.0123149125
v -0.0201970681 0.1062538 0.00864888894
v -0.0214688938 0.1062538 0.00467027198
v -0.0219647777 0.1062538 0.000522859213
v -0.0216667973 0.1062538 -0.00364345105
v -0.0205857224 0.1062538 -0.00767807749
v -0.0187606259 0.1062538 -0.0114351982
v -0.0162574714 0.1062538 -0.0147790211
v -0.0131667296 0.1062538 -0.0175886916
v -0.00960010788 0.1062538 -0.019762661
v -0.00568651324 0.1062538 -0.0212223563
v -0.00156739319 0.1062538 -0.0219150204
v 0.00260837653 0.1062538 -0.0218156186
v 0.00668987272 0.1062538 -0.0209277434
v 0.0105295795 0.1062538 -0.0192834851
v 0.0139887198 0.1062538 -0.0169422714
v 0.0169422714 0.1062538 -0.0139887198
v 0.0192834851 0.1062538 -0.0105295795
v 0.0209277434 0.1062538 -0.00668987272
v 0.0218156186 0.1062538 -0.00260837653
v 0.0219150204 0.1062538 0.00156739319
v 0.0212223563 0.1062538 0.00568651324
v 0.019762661 0.1062538 0.00960010788
v 0.0175886916 0.1062538 0.0131667296
v 0.0147790211 0.1062538 0.0162574714
v 0.0114351982 0.1062538 0.0187606259
v 0.00767807749 0.1062538 0.0205857224
v 0.00364345105 0.1062538 0.0216667973
v -0.000522859213 0.1062538 0.0219647777
v -0.00467027198 0.1062538 0.0214688938
v -0.00864888894 0.1062538 0.0201970681
v -0.0123149125 0.1062538 0.0181952678
v -0.0155358431 0.1062538 0.0155358431
v -0.0151766328 0.1057458 0.0151766328
v -0.0151766328 0.1057458 0.0151766328
v -0.017774568 0.1057458 0.0120301747
v -0.0197300839 0.1057458 0.00844891463
v -0.0209725032 0.1057458 0.00456228881
v -0.0214569216 0.1057458 0.000510769982
v -0.0211658309 0.1057458 -0.0035592094
v -0.0201097519 0.1057458 -0.00750054969
v -0.0183268542 0.1057458 -0.0111708006
v -0.0158815761 0.1057458 -0.0144373096
v -0.0128622966 0.1057458 -0.0171820167
v -0.00937814007 0.1057458 -0.0193057209
v -0.00555503317 0.1057458 -0.020731666
v -0.00153115289 0.1057458 -0.0214083147
v 0.00254806724 0.1057458 -0.0213112112
v 0.00653519358 0.1057458 -0.0204438649
v 0.010286121 0.1057458 -0.0188376242
v 0.0136652812 0.1057458 -0.0165505425
v 0.0165505425 0.1057458 -0.0136652812
v 0.0188376242 0.1057458 -0.010286121
v 0.0204438649 0.1057458 -0.00653519358
v 0.0213112112 0.1057458 -0.00254806724
v 0.0214083147 0.1057458 0.00153115289
v 0.020731666 0.1057458 0.00555503317
v 0.0193057209 0.1057458 0.00937814007
v 0.0171820167 0.1057458 0.0128622966
v 0.0144373096 0.1057458 0.0158815761
v 0.0111708006 0.1057458 0.0183268542
v 0.00750054969 0.1057458 0.0201097519
v 0.0035592094 0.1057458 0.0211658309
v -0.000510769982 0.1057458 0.0214569216
v -0.00456228881 0.1057458 0.0209725032
v -0.00844891463 0.1057458 0.0197300839
v -0.0120301747 0.1057458 0.017774568
v -0.0151766328 0.1184458 0.0151766328
v -0.017774568 0.1184458 0.0120301747
v -0.0197300839 0.1184458 0.00844891463
v -0.0209725032 0.1184458 0.00456228881
v -0.0214569216 0.1184458 0.000510769982
v -0.0211658309 0.1184458 -0.0035592094
v -0.0201097519 0.1184458 -0.00750054969
v -0.0183268542 0.1184458 -0.0111708006
v -0.0158815761 0.1184458 -0.0144373096
v -0.0128622966 0.1184458 -0.0171820167
v -0.00937814007 0.1184458 -0.0193057209
v -0.00555503317 0.1184458 -0.020731666
v -0.00153115289 0.1184458 -0.0214083147
v 0.00254806724 0.1184458 -0.0213112112
v 0.00653519358 0.1184458 -0.0204438649
v 0.010286121 0.1184458 -0.0188376242
v 0.0136652812 0.1184458 -0.0165505425
v 0.0165505425 0.1184458 -0.0136652812
v 0.0188376242 0.1184458 -0.010286121
v 0.0204438649 0.1184458 -0.00653519358
v 0.0213112112 0.1184458 -0.00254806724
v 0.0214083147 0.1184458 0.00153115289
v 0.020731666 0.1184458 0.00555503317
v 0.0193057209 0.1184458 0.00937814007
v 0.0171820167 0.1184458 0.0128622966
v 0.0144373096 0.1184458 0.0158815761
v 0.0111708006 0.1184458 0.0183268542
v 0.00750054969 0.1184458 0.0201097519
v 0.0035592094 0.1184458 0.0211658309
v -0.000510769982 0.1184458 0.0214569216
v -0.00456228881 0.1184458 0.0209725032
v -0.00844891463 0.1184458 0.0197300839
v -0.0120301747 0.1184458 0.017774568
v -0.0151766328 0.1184458 0.0151766328
v -0.0155358431 0.1179378 0.0155358431
v -0.0155358431 0.1179378 0.0155358431
v -0.0181952678 0.1179378 0.0123149125
v -0.0201970681 0.1179378 0.00864888894
v -0.0214688938 0.1179378 0.00467027198
v -0.0219647777 0.1179378 0.000522859213
v -0.0216667973 0.1179378 -0.00364345105
v -0.0205857224 0.1179378 -0.00767807749
v -0.0187606259 0.1179378 -0.0114351982
v -0.0162574714 0.1179378 -0.0147790211
v -0.0131667296 0.1179378 -0.0175886916
v -0.00960010788 0.1179378 -0.019762661
v -0.00568651324 0.1179378 -0.0212223563
v -0.00156739319 0.1179378 -0.0219150204
v 0.00260837653 0.1179378 -0.0218156186
v 0.00668987272 0.1179378 -0.0209277434
v 0.0105295795 0.1179378 -0.0192834851
v 0.0139887198 0.1179378 -0.0169422714
v 0.0169422714 0.1179378 -0.0139887198
v 0.0192834851 0.1179378 -0.0105295795
v 0.0209277434 0.1179378 -0.00668987272
v 0.0218156186 0.1179378 -0.00260837653
v 0.0219150204 0.1179378 0.00156739319
v 0.0212223563 0.1179378 0.00568651324
v 0.019762661 0.1179378 0.00960010788
v 0.0175886916 0.1179378 0.0131667296
v 0.0147790211 0.1179378 0.0162574714
v 0.0114351982 0.1179378 0.0187606259
v 0.00767807749 0.1179378 0.0205857224
v 0.00364345105 0.1179378 0.0216667973
v -0.000522859213 0.1179378 0.0219647777
v -0.00467027198 0.1179378 0.0214688938
v -0.00864888894 0.1179378 0.0201970681
v -0.0123149125 0.1179378 0.0181952678
v 0.0126262401 0.1062538 0.0143145283
v 0.0124487525 0.1062538 0.0140879821
v 0.0123306384 0.1062538 0.0138255433
v 0.0122787622 0.1062538 0.013542464
v 0.0122961387 0.1062538 0.0132551957
v 0.0123817581 0.1062538 0.0129804334
v 0.0125306445 0.1062538 0.0127341452
v 0.0127341452 0.1062538 0.0125306445
v 0.0129804334 0.1062538 0.0123817581
v 0.0132551957 0.1062538 0.0122961387
v 0.013542464 0.1062538 0.0122787622
v 0.0138255433 0.1062538 0.0123306384
v 0.0140879821 0.1062538 0.0124487525
v 0.0143145283 0.1062538 0.0126262401
v 0.0144920159 0.1062538 0.0128527863
v 0.01461013 0.1062538 0.013115225
v 0.0146620062 0.1062538 0.0133983043
v 0.0146446296 0.1062538 0.0136855726
v 0.0145590102 0.1062538 0.013960335
v 0.0144101238 0.1062538 0.0142066232
v 0.0142066232 0.1062538 0.0144101238
v 0.013960335 0.1062538 0.0145590102
v 0.0136855726 0.1062538 0.0146446296
v 0.0133983043 0.1062538 0.0146620062
v 0.013115225 0.1062538 0.01461013
v 0.0128527863 0.1062538 0.0144920159
v 0.0126262401 0.1062538 0.0143145283
v 0.0126262401 0.1057458 0.0143145283
v 0.0126262401 0.1057458 0.0143145283
v 0.0124487525 0.1057458 0.0140879821
v 0.0123306384 0.1057458 0.0138255433
v 0.0122787622 0.1057458 0.013542464
v 0.0122961387 0.1057458 0.0132551957
v 0.0123817581 0.1057458 0.0129804334
v 0.0125306445 0.1057458 0.0127341452
v 0.0127341452 0.1057458 0.0125306445
v 0.0129804334 0.1057458 0.0123817581
v 0.0132551957 0.1057458 0.0122961387
v 0.013542464 0.1057458 0.0122787622
v 0.0138255433 0.1057458 0.0123306384
v 0.0140879821 0.1057458 0.0124487525
v 0.0143145283 0.1057458 0.0126262401
v 0.0144920159 0.1057458 0.0128527863
v 0.01461013 0.1057458 0.013115225
v 0.0146620062 0.1057458 0.0133983043
v 0.0146446296 0.1057458 0.0136855726
v 0.0145590102 0.1057458 0.013960335
v 0.0144101238 0.1057458 0.0142066232
v 0.0142066232 0.1057458 0.0144101238
v 0.013960335 0.1057458 0.0145590102
v 0.0136855726 0.1057458 0.0146446296
v 0.0133983043 0.1057458 0.0146620062
v 0.013115225 0.1057458 0.01461013
v 0.0128527863 0.1057458 0.0144920159
v 0.0146378175 0.1062538 0.0123029509
v 0.0143245089 0.1062538 0.0120574893
v 0.0139615617 0.1062538 0.01189414
v 0.0135700691 0.1062538 0.0118223963
v 0.0131727831 0.1062538 0.0118464277
v 0.0127927926 0.1062538 0.0119648375
v 0.0124521813 0.1062538 0.0121707443
v 0.0121707443 0.1062538 0.0124521813
v 0.0119648375 0.1062538 0.0127927926
v 0.0118464277 0.1062538 0.0131727831
v 0.0118223963 0.1062538 0.0135700691
v 0.01189414 0.1062538 0.0139615617
v 0.0120574893 0.1062538 0.0143245089
v 0.0123029509 0.1062538 0.0146378175
v 0.0126162595 0.1062538 0.0148832791
v 0.0129792066 0.1062538 0.0150466283
v 0.0133706993 0.1062538 0.015118372
v 0.0137679852 0.1062538 0.0150943406
v 0.0141479757 0.1062538 0.0149759308
v 0.014488587 0.1062538 0.0147700241
v 0.0147700241 0.1062538 0.014488587
v 0.0149759308 0.1062538 0.0141479757
v 0.0150943406 0.1062538 0.0137679852
v 0.015118372 0.1062538 0.0133706993
v 0.0150466283 0.1062538 0.0129792066
v 0.0148832791 0.1062538 0.0126162595
v 0.0126262401 0.1062538 0.0143145283
v 0.0124487525 0.1062538 0.0140879821
v 0.0123306384 0.1062538 0.0138255433
v 0.0122787622 0.1062538 0.013542464
v 0.0122961387 0.1062538 0.0132551957
v 0.0123817581 0.1062538 0.0129804334
v 0.0125306445 0.1062538 0.0127341452
v 0.0127341452 0.1062538 0.0125306445
v 0.0129804334 0.1062538 0.0123817581
v 0.0132551957 0.1062538 0.0122961387
v 0.013542464 0.1062538 0.0122787622
v 0.0138255433 0.1062538 0.0123306384
v 0.0140879821 0.1062538 0.0124487525
v 0.0143145283 0.1062538 0.0126262401
v 0.0144920159 0.1062538 0.0128527863
v 0.01461013 0.1062538 0.013115225
v 0.0146620062 0.1062538 0.0133983043
v 0.0146446296 0.1062538 0.0136855726
v 0.0145590102 0.1062538 0.013960335
v 0.0144101238 0.1062538 0.0142066232
v 0.0142066232 0.1062538 0.0144101238
v 0.013960335 0.1062538 0.0145590102
v 0.0136855726 0.1062538 0.0146446296
v 0.0133983043 0.1062538 0.0146620062
v 0.013115225 0.1062538 0.01461013
v 0.0128527863 0.1062538 0.0144920159
v 0.0146378175 0.112094274 0.0123029509
v 0.0143245089 0.112094274 0.0120574893
v 0.0139615617 0.112094274 0.01189414
v 0.0135700691 0.112094274 0.0118223963
v 0.0131727831 0.112094274 0.0118464277
v 0.0127927926 0.112094274 0.0119648375
v 0.0124521813 0.112094274 0.0121707443
v 0.0121707443 0.112094274 0.0124521813
v 0.0119648375 0.112094274 0.0127927926
v 0.0118464277 0.112094274 0.0131727831
v 0.0118223963 0.112094274 0.0135700691
v 0.01189414 0.112094274 0.0139615617
v 0.0120574893 0.112094274 0.0143245089
v 0.0123029509 0.112094274 0.0146378175
v 0.0146378175 0.1062538 0.0123029509
v 0.0143245089 0.1062538 0.0120574893
v 0.0139615617 0.1062538 0.01189414
v 0.0135700691 0.1062538 0.0118223963
v 0.0131727831 0.1062538 0.0118464277
v 0.0127927926 0.1062538 0.0119648375
v 0.0124521813 0.1062538 0.0121707443
v 0.0121707443 0.1062538 0.0124521813
v 0.0119648375 0.1062538 0.0127927926
v 0.0118464277 0.1062538 0.0131727831
v 0.0118223963 0.1062538 0.0135700691
v 0.01189414 0.1062538 0.0139615617
v 0.0120574893 0.1062538 0.0143245089
v 0.0123029509 0.1062538 0.0146378175
v 0.0126162595 0.1062538 0.0148832791
v 0.0129792066 0.1062538 0.0150466283
v 0.0133706993 0.1062538 0.015118372
v 0.0137679852 0.1062538 0.0150943406
v 0.0141479757 0.1062538 0.0149759308
v 0.014488587 0.1062538 0.0147700241
v 0.0147700241 0.1062538 0.014488587
v 0.0149759308 0.1062538 0.0141479757
v 0.0150943406 0.1062538 0.0137679852
v 0.015118372 0.1062538 0.0133706993
v 0.0150466283 0.1062538 0.0129792066
v 0.0148832791 0.1062538 0.0126162595
v 0.0146378175 0.1062538 0.0123029509
v 0.0146378175 0.112094274 0.0123029509
v 0.0126162595 0.112094274 0.0148832791
v 0.0129792066 0.112094274 0.0150466283
v 0.0133706993 0.112094274 0.015118372
v 0.0137679852 0.112094274 0.0150943406
v 0.0141479757 0.112094274 0.0149759308
v 0.014488587 0.112094274 0.0147700241
v 0.0147700241 0.112094274 0.014488587
v 0.0149759308 0.112094274 0.0141479757
v 0.0150943406 0.112094274 0.0137679852
v 0.015118372 0.112094274 0.0133706993
v 0.0150466283 0.112094274 0.0129792066
v 0.0148832791 0.112094274 0.0126162595
v -0.0143145283 0.1062538 -0.0126262401
v -0.0144920159 0.1062538 -0.0128527863
v -0.01461013 0.1062538 -0.013115225
v -0.0146620062 0.1062538 -0.0133983043
v -0.0146446296 0.1062538 -0.0136855726
v -0.0145590102 0.1062538 -0.013960335
v -0.0144101238 0.1062538 -0.0142066232
v -0.0142066232 0.1062538 -0.0144101238
v -0.013960335 0.1062538 -0.0145590102
v -0.0136855726 0.1062538 -0.0146446296
v -0.0133983043 0.1062538 -0.0146620062
v -0.013115225 0.1062538 -0.01461013
v -0.0128527863 0.1062538 -0.0144920159
v -0.0126262401 0.1062538 -0.0143145283
v -0.0124487525 0.1062538 -0.0140879821
v -0.0123306384 0.1062538 -0.0138255433
v -0.0122787622 0.1062538 -0.013542464
v -0.0122961387 0.1062538 -0.0132551957
v -0.0123817581 0.1062538 -0.0129804334
v -0.0125306445 0.1062538 -0.0127341452
v -0.0127341452 0.1062538 -0.0125306445
v -0.0129804334 0.1062538 -0.0123817581
v -0.0132551957 0.1062538 -0.0122961387
v -0.013542464 0.1062538 -0.0122787622
v -0.0138255433 0.1062538 -0.0123306384
v -0.0140879821 0.1062538 -0.0124487525
v -0.0143145283 0.1062538 -0.0126262401
v -0.0143145283 0.1057458 -0.0126262401
v -0.0143145283 0.1057458 -0.0126262401
v -0.0144920159 0.1057458 -0.0128527863
v -0.01461013 0.1057458 -0.013115225
v -0.0146620062 0.1057458 -0.0133983043
v -0.0146446296 0.1057458 -0.0136855726
v -0.0145590102 0.1057458 -0.013960335
v -0.0144101238 0.1057458 -0.0142066232
v -0.0142066232 0.1057458 -0.0144101238
v -0.013960335 0.1057458 -0.0145590102
v -0.0136855726 0.1057458 -0.0146446296
v -0.0133983043 0.1057458 -0.0146620062
v -0.013115225 0.1057458 -0.01461013
v -0.0128527863 0.1057458 -0.0144920159
v -0.0126262401 0.1057458 -0.0143145283
v -0.0124487525 0.1057458 -0.0140879821
v -0.0123306384 0.1057458 -0.0138255433
v -0.0122787622 0.1057458 -0.013542464
v -0.0122961387 0.1057458 -0.0132551957
v -0.0123817581 0.1057458 -0.0129804334
v -0.0125306445 0.1057458 -0.0127341452
v -0.0127341452 0.1057458 -0.0125306445
v -0.0129804334 0.1057458 -0.0123817581
v -0.0132551957 0.1057458 -0.0122961387
v -0.013542464 0.1057458 -0.0122787622
v -0.0138255433 0.1057458 -0.0123306384
v -0.0140879821 0.1057458 -0.0124487525
v -0.0123029509 0.1062538 -0.0146378175
v -0.0126162595 0.1062538 -0.0148832791
v -0.0129792066 0.1062538 -0.0150466283
v -0.0133706993 0.1062538 -0.015118372
v -0.0137679852 0.1062538 -0.0150943406
v -0.0141479757 0.1062538 -0.0149759308
v -0.014488587 0.1062538 -0.0147700241
v -0.0147700241 0.1062538 -0.014488587
v -0.0149759308 0.1062538 -0.0141479757
v -0.0150943406 0.1062538 -0.0137679852
v -0.015118372 0.1062538 -0.0133706993
v -0.0150466283 0.1062538 -0.0129792066
v -0.0148832791 0.1062538 -0.0126162595
v -0.0146378175 0.1062538 -0.0123029509
v -0.0143245089 0.1062538 -0.0120574893
v -0.0139615617 0.1062538 -0.01189414
v -0.0135700691 0.1062538 -0.0118223963
v -0.0131727831 0.1062538 -0.0118464277
v -0.0127927926 0.1062538 -0.0119648375
v -0.0124521813 0.1062538 -0.0121707443
v -0.0121707443 0.1062538 -0.0124521813
v -0.0119648375 0.1062538 -0.0127927926
v -0.0118464277 0.1062538 -0.0131727831
v -0.0118223963 0.1062538 -0.0135700691
v -0.01189414 0.1062538 -0.0139615617
v -0.0120574893 0.1062538 -0.0143245089
v -0.0143145283 0.1062538 -0.0126262401
v -0.0144920159 0.1062538 -0.0128527863
v -0.01461013 0.1062538 -0.013115225
v -0.0146620062 0.1062538 -0.0133983043
v -0.0146446296 0.1062538 -0.0136855726
v -0.0145590102 0.1062538 -0.013960335
v -0.0144101238 0.1062538 -0.0142066232
v -0.0142066232 0.1062538 -0.0144101238
v -0.013960335 0.1062538 -0.0145590102
v -0.0136855726 0.1062538 -0.0146446296
v -0.0133983043 0.1062538 -0.0146620062
v -0.013115225 0.1062538 -0.01461013
v -0.0128527863 0.1062538 -0.0144920159
v -0.0126262401 0.1062538 -0.0143145283
v -0.0124487525 0.1062538 -0.0140879821
v -0.0123306384 0.1062538 -0.0138255433
v -0.0122787622 0.1062538 -0.013542464
v -0.0122961387 0.1062538 -0.0132551957
v -0.0123817581 0.1062538 -0.0129804334
v -0.0125306445 0.1062538 -0.0127341452
v -0.0127341452 0.1062538 -0.0125306445
v -0.0129804334 0.1062538 -0.0123817581
v -0.0132551957 0.1062538 -0.0122961387
v -0.013542464 0.1062538 -0.0122787622
v -0.0138255433 0.1062538 -0.0123306384
v -0.0140879821 0.1062538 -0.0124487525
v -0.0123029509 0.112094274 -0.0146378175
v -0.0126162595 0.112094274 -0.0148832791
v -0.0129792066 0.112094274 -0.0150466283
v -0.0133706993 0.112094274 -0.015118372
v -0.0137679852 0.112094274 -0.0150943406
v -0.0141479757 0.112094274 -0.0149759308
v -0.014488587 0.112094274 -0.0147700241
v -0.0147700241 0.112094274 -0.014488587
v -0.0149759308 0.112094274 -0.0141479757
v -0.0150943406 0.112094274 -0.0137679852
v -0.015118372 0.112094274 -0.0133706993
v -0.0150466283 0.112094274 -0.0129792066
v -0.0148832791 0.112094274 -0.0126162595
v -0.0146378175 0.112094274 -0.0123029509
v -0.0123029509 0.1062538 -0.0146378175
v -0.0126162595 0.1062538 -0.0148832791
v -0.0129792066 0.1062538 -0.0150466283
v -0.0133706993 0.1062538 -0.015118372
v -0.0137679852 0.1062538 -0.0150943406
v -0.0141479757 0.1062538 -0.0149759308
v -0.014488587 0.1062538 -0.0147700241
v -0.0147700241 0.1062538 -0.014488587
v -0.0149759308 0.1062538 -0.0141479757
v -0.0150943406 0.1062538 -0.0137679852
v -0.015118372 0.1062538 -0.0133706993
v -0.0150466283 0.1062538 -0.0129792066
v -0.0148832791 0.1062538 -0.0126162595
v -0.0146378175 0.1062538 -0.0123029509
v -0.0143245089 0.1062538 -0.0120574893
v -0.0139615617 0.1062538 -0.01189414
v -0.0135700691 0.1062538 -0.0118223963
v -0.0131727831 0.1062538 -0.0118464277
v -0.0127927926 0.1062538 -0.0119648375
v -0.0124521813 0.1062538 -0.0121707443
v -0.0121707443 0.1062538 -0.0124521813
v -0.0119648375 0.1062538 -0.0127927926
v -0.0118464277 0.1062538 -0.0131727831
v -0.0118223963 0.1062538 -0.0135700691
v -0.01189414 0.1062538 -0.0139615617
v -0.0120574893 0.1062538 -0.0143245089
v -0.0123029509 0.1062538 -0.0146378175
v -0.0123029509 0.112094274 -0.0146378175
v -0.0143245089 0.112094274 -0.0120574893
v -0.0139615617 0.112094274 -0.01189414
v -0.0135700691 0.112094274 -0.0118223963
v -0.0131727831 0.112094274 -0.0118464277
v -0.0127927926 0.112094274 -0.0119648375
v -0.0124521813 0.112094274 -0.0121707443
v -0.0121707443 0.112094274 -0.0124521813
v -0.0119648375 0.112094274 -0.0127927926
v -0.0118464277 0.112094274 -0.0131727831
v -0.0118223963 0.112094274 -0.0135700691
v -0.01189414 0.112094274 -0.0139615617
v -0.0120574893 0.112094274 -0.0143245089
v 0.0123011548 0.1120958 0.0146396135
v 0.0120553156 0.1120958 0.014325823
v 0.011891715 0.1120958 0.0139623174
v 0.011819861 0.1120958 0.0135702224
v 0.0118439293 0.1120958 0.0131723253
v 0.0119625213 0.1120958 0.0127917502
v 0.0121687448 0.1120958 0.0124506149
v 0.0124506149 0.1120958 0.0121687448
v 0.0127917502 0.1120958 0.0119625213
v 0.0131723253 0.1120958 0.0118439293
v 0.0135702224 0.1120958 0.011819861
v 0.0139623174 0.1120958 0.011891715
v 0.014325823 0.1120958 0.0120553156
v 0.0146396135 0.1120958 0.0123011548
v 0.0148854527 0.1120958 0.0126149454
v 0.0150490533 0.1120958 0.012978451
v 0.0151209074 0.1120958 0.0133705459
v 0.015096839 0.1120958 0.0137684431
v 0.0149782471 0.1120958 0.0141490182
v 0.0147720236 0.1120958 0.0144901535
v 0.0144901535 0.1120958 0.0147720236
v 0.0141490182 0.1120958 0.0149782471
v 0.0137684431 0.1120958 0.015096839
v 0.0133705459 0.1120958 0.0151209074
v 0.012978451 0.1120958 0.0150490533
v 0.0126149454 0.1120958 0.0148854527
v 0.0123011548 0.1120958 0.0146396135
v 0.0123029509 0.112094274 0.0146378175
v 0.0126162595 0.112094274 0.0148832791
v 0.0129792066 0.112094274 0.0150466283
v 0.0133706993 0.112094274 0.015118372
v 0.0137679852 0.112094274 0.0150943406
v 0.0141479757 0.112094274 0.0149759308
v 0.014488587 0.112094274 0.0147700241
v 0.0147700241 0.112094274 0.014488587
v 0.0149759308 0.112094274 0.0141479757
v 0.0150943406 0.112094274 0.0137679852
v 0.015118372 0.112094274 0.0133706993
v 0.0150466283 0.112094274 0.0129792066
v 0.0148832791 0.112094274 0.0126162595
v 0.0146378175 0.112094274 0.0123029509
v 0.0143245089 0.112094274 0.0120574893
v 0.0139615617 0.112094274 0.01189414
v 0.0135700691 0.112094274 0.0118223963
v 0.0131727831 0.112094274 0.0118464277
v 0.0127927926 0.112094274 0.0119648375
v 0.0124521813 0.112094274 0.0121707443
v 0.0121707443 0.112094274 0.0124521813
v 0.0119648375 0.112094274 0.0127927926
v 0.0118464277 0.112094274 0.0131727831
v 0.0118223963 0.112094274 0.0135700691
v 0.01189414 0.112094274 0.0139615617
v 0.0120574893 0.112094274 0.0143245089
v 0.0123029509 0.112094274 0.0146378175
v 0.0146396135 0.1120958 0.0123011548
v 0.0148854527 0.1120958 0.0126149454
v 0.0150490533 0.1120958 0.012978451
v 0.0151209074 0.1120958 0.0133705459
v 0.015096839 0.1120958 0.0137684431
v 0.0149782471 0.1120958 0.0141490182
v 0.0147720236 0.1120958 0.0144901535
v 0.0144901535 0.1120958 0.0147720236
v 0.0141490182 0.1120958 0.0149782471
v 0.0137684431 0.1120958 0.015096839
v 0.0133705459 0.1120958 0.0151209074
v 0.012978451 0.1120958 0.0150490533
v 0.0126149454 0.1120958 0.0148854527
v 0.0123011548 0.1120958 0.0146396135
v 0.0146396135 0.1184458 0.0123011548
v 0.0148854527 0.1184458 0.0126149454
v 0.0150490533 0.1184458 0.012978451
v 0.0151209074 0.1184458 0.0133705459
v 0.015096839 0.1184458 0.0137684431
v 0.0149782471 0.1184458 0.0141490182
v 0.0147720236 0.1184458 0.0144901535
v 0.0144901535 0.1184458 0.0147720236
v 0.0141490182 0.1184458 0.0149782471
v 0.0137684431 0.1184458 0.015096839
v 0.0133705459 0.1184458 0.0151209074
v 0.012978451 0.1184458 0.0150490533
v 0.0126149454 0.1184458 0.0148854527
v 0.0123011548 0.1184458 0.0146396135
v 0.0120553156 0.1184458 0.014325823
v 0.011891715 0.1184458 0.0139623174
v 0.011819861 0.1184458 0.0135702224
v 0.0118439293 0.1184458 0.0131723253
v 0.0119625213 0.1184458 0.0127917502
v 0.0121687448 0.1184458 0.0124506149
v 0.0124506149 0.1184458 0.0121687448
v 0.0127917502 0.1184458 0.0119625213
v 0.0131723253 0.1184458 0.0118439293
v 0.0135702224 0.1184458 0.011819861
v 0.0139623174 0.1184458 0.011891715
v 0.014325823 0.1184458 0.0120553156
v 0.0146396135 0.1184458 0.0123011548
v 0.0146396135 0.1120958 0.0123011548
v 0.0120553156 0.1120958 0.014325823
v 0.011891715 0.1120958 0.0139623174
v 0.011819861 0.1120958 0.0135702224
v 0.0118439293 0.1120958 0.0131723253
v 0.0119625213 0.1120958 0.0127917502
v 0.0121687448 0.1120958 0.0124506149
v 0.0124506149 0.1120958 0.0121687448
v 0.0127917502 0.1120958 0.0119625213
v 0.0131723253 0.1120958 0.0118439293
v 0.0135702224 0.1120958 0.011819861
v 0.0139623174 0.1120958 0.011891715
v 0.014325823 0.1120958 0.0120553156
v -0.0146396135 0.1120958 -0.0123011548
v -0.0148854527 0.1120958 -0.0126149454
v -0.0150490533 0.1120958 -0.012978451
v -0.0151209074 0.1120958 -0.0133705459
v -0.015096839 0.1120958 -0.0137684431
v -0.0149782471 0.1120958 -0.0141490182
v -0.0147720236 0.1120958 -0.0144901535
v -0.0144901535 0.1120958 -0.0147720236
v -0.0141490182 0.1120958 -0.0149782471
v -0.0137684431 0.1120958 -0.015096839
v -0.0133705459 0.1120958 -0.0151209074
v -0.012978451 0.1120958 -0.0150490533
v -0.0126149454 0.1120958 -0.0148854527
v -0.0123011548 0.1120958 -0.0146396135
v -0.0120553156 0.1120958 -0.014325823
v -0.011891715 0.1120958 -0.0139623174
v -0.011819861 0.1120958 -0.0135702224
v -0.0118439293 0.1120958 -0.0131723253
v -0.0119625213 0.1120958 -0.0127917502
v -0.0121687448 0.1120958 -0.0124506149
v -0.0124506149 0.1120958 -0.0121687448
v -0.0127917502 0.1120958 -0.0119625213
v -0.0131723253 0.1120958 -0.0118439293
v -0.0135702224 0.1120958 -0.011819861
v -0.0139623174 0.1120958 -0.011891715
v -0.014325823 0.1120958 -0.0120553156
v -0.0146396135 0.1120958 -0.0123011548
v -0.0146378175 0.112094274 -0.0123029509
v -0.0143245089 0.112094274 -0.0120574893
v -0.0139615617 0.112094274 -0.01189414
v -0.0135700691 0.112094274 -0.0118223963
v -0.0131727831 0.112094274 -0.0118464277
v -0.0127927926 0.112094274 -0.0119648375
v -0.0124521813 0.112094274 -0.0121707443
v -0.0121707443 0.112094274 -0.0124521813
v -0.0119648375 0.112094274 -0.0127927926
v -0.0118464277 0.112094274 -0.0131727831
v -0.0118223963 0.112094274 -0.0135700691
v -0.01189414 0.112094274 -0.0139615617
v -0.0120574893 0.112094274 -0.0143245089
v -0.0123029509 0.112094274 -0.0146378175
v -0.0126162595 0.112094274 -0.0148832791
v -0.0129792066 0.112094274 -0.0150466283
v -0.0133706993 0.112094274 -0.015118372
v -0.0137679852 0.112094274 -0.0150943406
v -0.0141479757 0.112094274 -0.0149759308
v -0.014488587 0.112094274 -0.0147700241
v -0.0147700241 0.112094274 -0.014488587
v -0.0149759308 0.112094274 -0.0141479757
v -0.0150943406 0.112094274 -0.0137679852
v -0.015118372 0.112094274 -0.0133706993
v -0.0150466283 0.112094274 -0.0129792066
v -0.0148832791 0.112094274 -0.0126162595
v -0.0146378175 0.112094274 -0.0123029509
v -0.0123011548 0.1120958 -0.0146396135
v -0.0120553156 0.1120958 -0.014325823
v -0.011891715 0.1120958 -0.0139623174
v -0.011819861 0.1120958 -0.0135702224
v -0.0118439293 0.1120958 -0.0131723253
v -0.0119625213 0.1120958 -0.0127917502
v -0.0121687448 0.1120958 -0.0124506149
v -0.0124506149 0.1120958 -0.0121687448
v -0.0127917502 0.1120958 -0.0119625213
v -0.0131723253 0.1120958 -0.0118439293
v -0.0135702224 0.1120958 -0.011819861
v -0.0139623174 0.1120958 -0.011891715
v -0.014325823 0.1120958 -0.0120553156
v -0.0146396135 0.1120958 -0.0123011548
v -0.0123011548 0.1184458 -0.0146396135
v -0.0120553156 0.1184458 -0.014325823
v -0.011891715 0.1184458 -0.0139623174
v -0.011819861 0.1184458 -0.0135702224
v -0.0118439293 0.1184458 -0.0131723253
v -0.0119625213 0.1184458 -0.0127917502
v -0.0121687448 0.1184458 -0.0124506149
v -0.0124506149 0.1184458 -0.0121687448
v -0.0127917502 0.1184458 -0.0119625213
v -0.0131723253 0.1184458 -0.0118439293
v -0.0135702224 0.1184458 -0.011819861
v -0.0139623174 0.1184458 -0.011891715
v -0.014325823 0.1184458 -0.0120553156
v -0.0146396135 0.1184458 -0.0123011548
v -0.0148854527 0.1184458 -0.0126149454
v -0.0150490533 0.1184458 -0.012978451
v -0.0151209074 0.1184458 -0.0133705459
v -0.015096839 0.1184458 -0.0137684431
v -0.0149782471 0.1184458 -0.0141490182
v -0.0147720236 0.1184458 -0.0144901535
v -0.0144901535 0.1184458 -0.0147720236
v -0.0141490182 0.1184458 -0.0149782471
v -0.0137684431 0.1184458 -0.015096839
v -0.0133705459 0.1184458 -0.0151209074
v -0.012978451 0.1184458 -0.0150490533
v -0.0126149454 0.1184458 -0.0148854527
v -0.0123011548 0.1184458 -0.0146396135
v -0.0123011548 0.1120958 -0.0146396135
v -0.0148854527 0.1120958 -0.0126149454
v -0.0150490533 0.1120958 -0.012978451
v -0.0151209074 0.1120958 -0.0133705459
v -0.015096839 0.1120958 -0.0137684431
v -0.0149782471 0.1120958 -0.0141490182
v -0.0147720236 0.1120958 -0.0144901535
v -0.0144901535 0.1120958 -0.0147720236
v -0.0141490182 0.1120958 -0.0149782471
v -0.0137684431 0.1120958 -0.015096839
v -0.0133705459 0.1120958 -0.0151209074
v -0.012978451 0.1120958 -0.0150490533
v -0.0126149454 0.1120958 -0.0148854527
v -0.000762423745 0.1184458 0.0158999763
v -0.000922729041 0.1184458 0.0161045908
v -0.00102940868 0.1184458 0.0163416233
v -0.00107626283 0.1184458 0.0165972981
v -0.00106056849 0.1184458 0.0168567564
v -0.000983237771 0.1184458 0.0171049194
v -0.000848764844 0.1184458 0.0173273648
v -0.00066496479 0.1184458 0.0175111648
v -0.000442519399 0.1184458 0.0176456378
v -0.000194356389 0.1184458 0.0177229685
v 6.51019073e-05 0.1184458 0.0177386628
v 0.000320776718 0.1184458 0.0176918087
v 0.000557809151 0.1184458 0.017585129
v 0.000762423745 0.1184458 0.0174248237
v 0.000922729041 0.1184458 0.0172202092
v 0.00102940868 0.1184458 0.0169831767
v 0.00107626283 0.1184458 0.0167275019
v 0.00106056849 0.1184458 0.0164680436
v 0.000983237771 0.1184458 0.0162198806
v 0.000848764844 0.1184458 0.0159974352
v 0.00066496479 0.1184458 0.0158136352
v 0.000442519399 0.1184458 0.0156791622
v 0.000194356389 0.1184458 0.0156018315
v -6.51019073e-05 0.1184458 0.0155861372
v -0.000320776718 0.1184458 0.0156329913
v -0.000557809151 0.1184458 0.015739671
v -0.000762423745 0.1184458 0.0158999763
v -0.000762423745 0.1057458 0.0158999763
v -0.000762423745 0.1057458 0.0174248237
v -0.000912963433 0.1057458 0.0172360529
v -0.00101772332 0.1057458 0.0170185168
v -0.00107145032 0.1057458 0.0167831235
v -0.00107145032 0.1057458 0.0165416765
v -0.00101772332 0.1057458 0.0163062832
v -0.000912963433 0.1057458 0.0160887471
v -0.000762423745 0.1057458 0.0158999763
v -0.000551929816 0.1057458 0.0157361423
v -0.000307658077 0.1057458 0.0156289947
v -4.4557827e-05 0.1057458 0.0155850911
v 0.000221269338 0.1057458 0.0156071181
v 0.000473554938 0.1057458 0.0156937279
v 0.000696859227 0.1057458 0.0158396199
v 0.000877516102 0.1057458 0.0160358655
v 0.00100446946 0.1057458 0.0162704548
v 0.00106994982 0.1057458 0.0165290309
v 0.00106994982 0.1057458 0.0167957691
v 0.00100446946 0.1057458 0.0170543452
v 0.000877516102 0.1057458 0.0172889345
v 0.000696859227 0.1057458 0.0174851801
v 0.000473554938 0.1057458 0.0176310721
v 0.000221269338 0.1057458 0.0177176819
v -4.4557827e-05 0.1057458 0.0177397089
v -0.000307658077 0.1057458 0.0176958053
v -0.000551929816 0.1057458 0.0175886577
v -0.000762423745 0.1184458 -0.0174248237
v -0.000922729041 0.1184458 -0.0172202092
v -0.00102940868 0.1184458 -0.0169831767
v -0.00107626283 0.1184458 -0.0167275019
v -0.00106056849 0.1184458 -0.0164680436
v -0.000983237771 0.1184458 -0.0162198806
v -0.000848764844 0.1184458 -0.0159974352
v -0.00066496479 0.1184458 -0.0158136352
v -0.000442519399 0.1184458 -0.0156791622
v -0.000194356389 0.1184458 -0.0156018315
v 6.51019073e-05 0.1184458 -0.0155861372
v 0.000320776718 0.1184458 -0.0156329913
v 0.000557809151 0.1184458 -0.015739671
v 0.000762423745 0.1184458 -0.0158999763
v 0.000922729041 0.1184458 -0.0161045908
v 0.00102940868 0.1184458 -0.0163416233
v 0.00107626283 0.1184458 -0.0165972981
v 0.00106056849 0.1184458 -0.0168567564
v 0.000983237771 0.1184458 -0.0171049194
v 0.000848764844 0.1184458 -0.0173273648
v 0.00066496479 0.1184458 -0.0175111648
v 0.000442519399 0.1184458 -0.0176456378
v 0.000194356389 0.1184458 -0.0177229685
v -6.51019073e-05 0.1184458 -0.0177386628
v -0.000320776718 0.1184458 -0.0176918087
v -0.000557809151 0.1184458 -0.017585129
v -0.000762423745 0.1184458 -0.0174248237
v -0.000762423745 0.1057458 -0.0174248237
v -0.000762423745 0.1057458 -0.0158999763
v -0.000912963433 0.1057458 -0.0160887471
v -0.00101772332 0.1057458 -0.0163062832
v -0.00107145032 0.1057458 -0.0165416765
v -0.00107145032 0.1057458 -0.0167831235
v -0.00101772332 0.1057458 -0.0170185168
v -0.000912963433 0.1057458 -0.0172360529
v -0.000762423745 0.1057458 -0.0174248237
v -0.000551929816 0.1057458 -0.0175886577
v -0.000307658077 0.1057458 -0.0176958053
v -4.4557827e-05 0.1057458 -0.0177397089
v 0.000221269338 0.1057458 -0.0177176819
v 0.000473554938 0.1057458 -0.0176310721
v 0.000696859227 0.1057458 -0.0174851801
v 0.000877516102 0.1057458 -0.0172889345
v 0.00100446946 0.1057458 -0.0170543452
v 0.00106994982 0.1057458 -0.0167957691
v 0.00106994982 0.1057458 -0.0165290309
v 0.00100446946 0.1057458 -0.0162704548
v 0.000877516102 0.1057458 -0.0160358655
v 0.000696859227 0.1057458 -0.0158396199
v 0.000473554938 0.1057458 -0.0156937279
v 0.000221269338 0.1057458 -0.0156071181
v -4.4557827e-05 0.1057458 -0.0155850911
v -0.000307658077 0.1057458 -0.0156289947
v -0.000551929816 0.1057458 -0.0157361423
v -0.0105967022 0.1057458 0.0105967022
v -0.0126890088 0.1057458 0.0079730327
v -0.0141450356 0.1057458 0.00494956202
v -0.0148917712 0.1057458 0.00167789964
v -0.0148917712 0.1057458 -0.00167789964
v -0.0141450356 0.1057458 -0.00494956202
v -0.0126890088 0.1057458 -0.0079730327
v -0.0105967022 0.1057458 -0.0105967022
v -0.0079730327 0.1057458 -0.0126890088
v -0.00494956202 0.1057458 -0.0141450356
v -0.00167789964 0.1057458 -0.0148917712
v 0.00167789964 0.1057458 -0.0148917712
v 0.00494956202 0.1057458 -0.0141450356
v 0.0079730327 0.1057458 -0.0126890088
v 0.0105967022 0.1057458 -0.0105967022
v 0.0126890088 0.1057458 -0.0079730327
v 0.0141450356 0.1057458 -0.00494956202
v 0.0148917712 0.1057458 -0.00167789964
v 0.0148917712 0.1057458 0.00167789964
v 0.0141450356 0.1057458 0.00494956202
v 0.0126890088 0.1057458 0.0079730327
v 0.0105967022 0.1057458 0.0105967022
v 0.0079730327 0.1057458 0.0126890088
v 0.00494956202 0.1057458 0.0141450356
v 0.00167789964 0.1057458 0.0148917712
v -0.00167789964 0.1057458 0.0148917712
v -0.00494956202 0.1057458 0.0141450356
v -0.0079730327 0.1057458 0.0126890088
v -0.0105967022 0.1057458 0.0105967022
v -0.00951907149 0.1072698 0.00951907149
v -0.0115205275 0.1072698 0.00696440165
v -0.0128524523 0.1072698 0.00400498611
v -0.0134374393 0.1072698 0.000812815332
v -0.0132414912 0.1072698 -0.00242659332
v -0.0122759957 0.1072698 -0.00552497719
v -0.010597064 0.1072698 -0.00830226946
v -0.00830226946 0.1072698 -0.010597064
v -0.00552497719 0.1072698 -0.0122759957
v -0.00242659332 0.1072698 -0.0132414912
v 0.000812815332 0.1072698 -0.0134374393
v 0.00400498611 0.1072698 -0.0128524523
v 0.00696440165 0.1072698 -0.0115205275
v 0.00951907149 0.1072698 -0.00951907149
v 0.0115205275 0.1072698 -0.00696440165
v 0.0128524523 0.1072698 -0.00400498611
v 0.0134374393 0.1072698 -0.000812815332
v 0.0132414912 0.1072698 0.00242659332
v 0.0122759957 0.1072698 0.00552497719
v 0.010597064 0.1072698 0.00830226946
v 0.00830226946 0.1072698 0.010597064
v 0.00552497719 0.1072698 0.0122759957
v 0.00242659332 0.1072698 0.0132414912
v -0.000812815332 0.1072698 0.0134374393
v -0.00400498611 0.1072698 0.0128524523
v -0.00696440165 0.1072698 0.0115205275
v -0.00951907149 0.1072698 0.00951907149
v -0.00951907149 0.1169218 0.00951907149
v -0.0115205275 0.1169218 0.00696440165
v -0.0128524523 0.1169218 0.00400498611
v -0.0134374393 0.1169218 0.000812815332
v -0.0132414912 0.1169218 -0.00242659332
v -0.0122759957 0.1169218 -0.00552497719
v -0.010597064 0.1169218 -0.00830226946
v -0.00830226946 0.1169218 -0.010597064
v -0.00552497719 0.1169218 -0.0122759957
v -0.00242659332 0.1169218 -0.0132414912
v 0.000812815332 0.1169218 -0.0134374393
v 0.00400498611 0.1169218 -0.0128524523
v 0.00696440165 0.1169218 -0.0115205275
v 0.00951907149 0.1169218 -0.00951907149
v 0.0115205275 0.1169218 -0.00696440165
v 0.0128524523 0.1169218 -0.00400498611
v 0.0134374393 0.1169218 -0.000812815332
v 0.0132414912 0.1169218 0.00242659332
v 0.0122759957 0.1169218 0.00552497719
v 0.010597064 0.1169218 0.00830226946
v 0.00830226946 0.1169218 0.010597064
v 0.00552497719 0.1169218 0.0122759957
v 0.00242659332 0.1169218 0.0132414912
v -0.000812815332 0.1169218 0.0134374393
v -0.00400498611 0.1169218 0.0128524523
v -0.00696440165 0.1169218 0.0115205275
v -0.00951907149 0.1169218 0.00951907149
v -0.0105967022 0.1184458 0.0105967022
v -0.0126890088 0.1184458 0.0079730327
v -0.0141450356 0.1184458 0.00494956202
v -0.0148917712 0.1184458 0.00167789964
v -0.0148917712 0.1184458 -0.00167789964
v -0.0141450356 0.1184458 -0.00494956202
v -0.0126890088 0.1184458 -0.0079730327
v -0.0105967022 0.1184458 -0.0105967022
v -0.0079730327 0.1184458 -0.0126890088
v -0.00494956202 0.1184458 -0.0141450356
v -0.00167789964 0.1184458 -0.0148917712
v 0.00167789964 0.1184458 -0.0148917712
v 0.00494956202 0.1184458 -0.0141450356
v 0.0079730327 0.1184458 -0.0126890088
v 0.0105967022 0.1184458 -0.0105967022
v 0.0126890088 0.1184458 -0.0079730327
v 0.0141450356 0.1184458 -0.00494956202
v 0.0148917712 0.1184458 -0.00167789964
v 0.0148917712 0.1184458 0.00167789964
v 0.0141450356 0.1184458 0.00494956202
v 0.0126890088 0.1184458 0.0079730327
v 0.0105967022 0.1184458 0.0105967022
v 0.0079730327 0.1184458 0.0126890088
v 0.00494956202 0.1184458 0.0141450356
v 0.00167789964 0.1184458 0.0148917712
v -0.00167789964 0.1184458 0.0148917712
v -0.00494956202 0.1184458 0.0141450356
v -0.0079730327 0.1184458 0.0126890088
v -0.0105967022 0.1184458 0.0105967022
o P053
f 26 27 43
f 27 42 43
f 25 26 44
f 26 43 44
f 24 25 45
f 25 44 45
f 23 24 46
f 24 45 46
f 22 23 47
f 23 46 47
f 21 22 48
f 22 47 48
f 20 21 49
f 21 48 49
f 19 20 50
f 20 49 50
f 18 19 51
f 19 50 51
f 17 18 52
f 18 51 52
f 17 52 53
f 16 17 53
f 16 53 54
f 15 16 54
f 15 54 29
f 14 15 29
f 13 14 30
f 14 29 30
f 12 13 31
f 13 30 31
f 10 11 32
f 11 12 32
f 12 31 32
f 10 32 33
f 8 9 34
f 9 10 34
f 10 33 34
f 8 34 35
f 7 8 36
f 8 35 36
f 5 6 37
f 6 7 37
f 7 36 37
f 5 37 38
f 3 4 39
f 4 5 39
f 5 38 39
f 3 39 40
f 1 2 41
f 2 3 41
f 3 40 41
f 1 41 28
f 82 81 80
f 108 82 80
f 107 108 79
f 108 80 79
f 106 107 78
f 107 79 78
f 105 106 77
f 106 78 77
f 104 105 76
f 105 77 76
f 103 104 75
f 104 76 75
f 102 103 74
f 103 75 74
f 101 102 73
f 102 74 73
f 99 100 72
f 100 101 72
f 101 73 72
f 99 72 71
f 99 71 70
f 98 99 70
f 98 70 69
f 96 97 69
f 97 98 69
f 96 69 68
f 96 68 67
f 95 96 67
f 95 67 66
f 94 95 66
f 94 66 65
f 93 94 65
f 93 65 64
f 92 93 64
f 92 64 63
f 91 92 63
f 89 90 62
f 90 91 62
f 91 63 62
f 89 62 61
f 88 89 60
f 89 61 60
f 87 88 59
f 88 60 59
f 86 87 58
f 87 59 58
f 85 86 57
f 86 58 57
f 83 84 56
f 84 85 56
f 85 57 56
f 83 56 55
f 136 135 134
f 162 136 134
f 161 162 133
f 162 134 133
f 160 161 132
f 161 133 132
f 159 160 131
f 160 132 131
f 158 159 130
f 159 131 130
f 157 158 129
f 158 130 129
f 156 157 128
f 157 129 128
f 155 156 127
f 156 128 127
f 153 154 126
f 154 155 126
f 155 127 126
f 153 126 125
f 153 125 124
f 151 152 124
f 152 153 124
f 151 124 123
f 151 123 122
f 150 151 122
f 150 122 121
f 148 149 121
f 149 150 121
f 148 121 120
f 147 148 120
f 147 120 119
f 147 119 118
f 146 147 118
f 146 118 117
f 145 146 117
f 144 145 116
f 145 117 116
f 144 116 115
f 143 144 115
f 142 143 114
f 143 115 114
f 142 114 113
f 141 142 113
f 139 140 112
f 140 141 112
f 141 113 112
f 139 112 111
f 138 139 110
f 139 111 110
f 137 138 109
f 138 110 109
f 195 196 197
f 195 230 229
f 195 197 230
f 194 195 229
f 193 229 228
f 193 194 229
f 192 227 226
f 192 228 227
f 192 193 228
f 191 226 225
f 191 192 226
f 190 225 224
f 190 191 225
f 189 190 224
f 188 223 222
f 188 224 223
f 188 189 224
f 187 188 222
f 186 187 222
f 186 222 221
f 185 186 221
f 185 221 220
f 184 185 220
f 184 220 219
f 183 184 219
f 183 219 218
f 182 183 218
f 182 218 217
f 181 182 217
f 181 217 216
f 180 181 216
f 180 216 215
f 179 180 215
f 179 215 214
f 178 179 214
f 178 214 213
f 177 213 212
f 177 178 213
f 176 212 211
f 176 177 212
f 175 211 210
f 175 176 211
f 174 210 209
f 174 175 210
f 173 209 208
f 173 174 209
f 172 208 207
f 172 173 208
f 171 207 206
f 171 172 207
f 170 206 205
f 170 171 206
f 169 205 204
f 169 170 205
f 168 204 203
f 168 169 204
f 167 202 201
f 167 203 202
f 167 168 203
f 166 167 201
f 165 201 200
f 165 166 201
f 164 200 199
f 164 165 200
f 163 164 199
f 163 199 198
f 339 255 338
f 255 339 340
f 255 254 337
f 338 255 337
f 255 340 341
f 255 341 256
f 337 254 336
f 256 341 316
f 254 253 335
f 336 254 335
f 256 316 317
f 335 253 334
f 256 317 318
f 253 252 333
f 334 253 333
f 256 318 319
f 252 251 332
f 333 252 332
f 256 319 257
f 319 320 257
f 257 320 321
f 257 321 322
f 257 322 258
f 322 323 258
f 323 324 258
f 258 324 259
f 324 325 259
f 332 251 280
f 331 332 281
f 332 280 281
f 250 249 279
f 251 250 279
f 280 251 279
f 331 281 282
f 330 331 282
f 249 248 278
f 279 249 278
f 330 282 283
f 329 330 283
f 248 247 277
f 278 248 277
f 329 283 284
f 328 329 284
f 247 246 276
f 277 247 276
f 328 284 285
f 327 328 285
f 245 244 275
f 276 246 275
f 246 245 275
f 327 285 286
f 326 327 286
f 275 244 274
f 326 286 287
f 326 287 260
f 259 325 260
f 325 326 260
f 260 287 261
f 287 288 261
f 261 288 262
f 288 289 262
f 244 243 313
f 274 244 313
f 273 274 313
f 243 242 312
f 313 243 312
f 272 273 314
f 273 313 314
f 312 242 311
f 271 272 315
f 272 314 315
f 242 241 310
f 311 242 310
f 271 315 290
f 270 271 290
f 310 241 309
f 269 270 291
f 270 290 291
f 309 241 308
f 268 269 292
f 269 291 292
f 267 268 293
f 268 292 293
f 262 289 263
f 289 264 263
f 306 307 240
f 307 308 240
f 308 241 240
f 306 240 305
f 305 240 304
f 263 264 231
f 304 240 239
f 300 301 239
f 301 302 239
f 302 303 239
f 303 304 239
f 231 264 232
f 264 265 232
f 300 239 238
f 297 298 238
f 298 299 238
f 299 300 238
f 265 266 233
f 232 265 233
f 297 238 237
f 295 296 237
f 296 297 237
f 266 267 234
f 233 266 234
f 295 237 236
f 294 295 236
f 234 267 235
f 294 236 235
f 293 294 235
f 267 293 235
f 343 342 369
f 343 369 370
f 344 370 371
f 344 343 370
f 345 371 372
f 345 372 373
f 345 344 371
f 346 345 373
f 347 373 374
f 347 346 373
f 348 374 375
f 348 375 376
f 348 347 374
f 349 348 376
f 350 376 377
f 350 349 376
f 351 377 378
f 351 350 377
f 352 378 379
f 352 351 378
f 353 379 380
f 353 380 381
f 353 352 379
f 354 353 381
f 355 354 381
f 355 381 382
f 355 382 383
f 356 355 383
f 357 356 383
f 357 383 384
f 358 357 384
f 358 384 385
f 358 385 386
f 359 358 386
f 360 359 386
f 360 386 387
f 360 387 388
f 361 360 388
f 361 388 389
f 362 361 389
f 363 362 389
f 363 389 390
f 364 363 390
f 364 390 391
f 365 364 391
f 365 391 392
f 366 392 393
f 366 365 392
f 367 393 394
f 367 394 395
f 367 366 393
f 368 367 395
f 471 420 472
f 473 472 420
f 470 419 420
f 470 420 471
f 474 420 421
f 474 473 420
f 469 419 470
f 475 474 421
f 468 419 469
f 476 475 421
f 467 418 419
f 467 419 468
f 477 476 421
f 466 418 467
f 478 477 421
f 422 478 421
f 422 479 478
f 480 479 422
f 455 480 422
f 497 416 417
f 498 417 418
f 498 497 417
f 498 418 466
f 423 455 422
f 423 456 455
f 423 457 456
f 496 414 415
f 496 415 416
f 496 416 497
f 499 498 466
f 499 465 464
f 499 466 465
f 495 413 414
f 495 414 496
f 500 499 464
f 500 463 462
f 500 464 463
f 494 413 495
f 494 412 413
f 501 461 460
f 501 462 461
f 501 500 462
f 493 411 412
f 493 412 494
f 424 457 423
f 502 501 460
f 502 459 458
f 502 460 459
f 492 411 493
f 492 409 410
f 492 410 411
f 503 502 458
f 503 457 424
f 503 458 457
f 491 409 492
f 425 504 503
f 425 503 424
f 408 409 491
f 408 491 490
f 426 505 504
f 426 504 425
f 407 408 490
f 427 506 505
f 427 505 426
f 445 407 490
f 445 490 489
f 446 445 489
f 447 446 489
f 447 489 488
f 444 406 407
f 444 407 445
f 448 447 488
f 443 406 444
f 449 448 488
f 449 488 487
f 442 406 443
f 450 449 487
f 441 406 442
f 451 450 487
f 451 487 486
f 428 481 506
f 428 506 427
f 452 451 486
f 452 486 485
f 453 452 485
f 405 439 438
f 405 440 439
f 405 441 440
f 405 406 441
f 437 405 438
f 396 481 428
f 404 405 437
f 404 434 433
f 404 435 434
f 404 436 435
f 404 437 436
f 397 481 396
f 397 482 481
f 403 404 433
f 403 430 429
f 403 431 430
f 403 432 431
f 403 433 432
f 398 482 397
f 398 483 482
f 402 403 429
f 402 454 453
f 402 429 454
f 399 483 398
f 399 484 483
f 401 402 453
f 401 453 485
f 400 484 399
f 400 401 485
f 400 485 484
f 550 523 524
f 550 549 523
f 548 522 523
f 548 523 549
f 551 524 525
f 551 550 524
f 547 521 522
f 547 522 548
f 552 525 526
f 552 551 525
f 527 552 526
f 546 520 521
f 546 521 547
f 553 552 527
f 545 519 520
f 545 520 546
f 554 527 528
f 554 553 527
f 544 518 519
f 544 519 545
f 555 528 529
f 555 554 528
f 543 517 518
f 543 518 544
f 556 555 529
f 530 556 529
f 542 517 543
f 516 517 542
f 531 556 530
f 531 557 556
f 515 516 542
f 515 542 541
f 540 515 541
f 532 557 531
f 532 558 557
f 533 558 532
f 514 515 540
f 507 534 533
f 507 533 532
f 513 514 540
f 513 540 539
f 508 534 507
f 512 539 538
f 512 513 539
f 509 535 534
f 509 536 535
f 509 534 508
f 511 538 537
f 511 512 538
f 510 537 536
f 510 511 537
f 510 536 509
f 560 559 625
f 559 619 625
f 619 620 626
f 625 619 626
f 626 620 627
f 620 621 627
f 621 622 628
f 627 621 628
f 622 623 629
f 628 622 629
f 593 594 630
f 623 624 630
f 624 593 630
f 629 623 630
f 561 560 631
f 560 625 631
f 625 626 632
f 631 625 632
f 626 627 633
f 632 626 633
f 633 627 634
f 627 628 634
f 628 629 635
f 634 628 635
f 630 594 636
f 594 595 636
f 629 630 636
f 635 629 636
f 562 561 637
f 561 631 637
f 631 632 638
f 637 631 638
f 632 633 639
f 638 632 639
f 639 633 640
f 633 634 640
f 634 635 641
f 640 634 641
f 635 636 642
f 595 596 642
f 636 595 642
f 641 635 642
f 563 562 643
f 637 638 643
f 562 637 643
f 643 638 644
f 644 638 645
f 638 639 645
f 645 639 646
f 639 640 646
f 646 640 647
f 640 641 647
f 641 642 648
f 596 597 648
f 642 596 648
f 647 641 648
f 564 563 649
f 563 643 649
f 649 643 650
f 643 644 650
f 650 644 651
f 644 645 651
f 651 645 652
f 645 646 652
f 646 647 653
f 652 646 653
f 647 648 654
f 653 647 654
f 597 598 654
f 648 597 654
f 565 564 655
f 564 649 655
f 649 650 656
f 655 649 656
f 651 652 657
f 656 650 657
f 650 651 657
f 657 652 658
f 652 653 659
f 658 652 659
f 654 598 660
f 659 653 660
f 598 599 660
f 599 600 660
f 653 654 660
f 566 565 661
f 567 566 661
f 565 655 661
f 655 656 661
f 661 656 662
f 656 657 663
f 662 656 663
f 663 657 664
f 657 658 664
f 664 658 665
f 658 659 665
f 665 659 666
f 659 660 666
f 660 600 666
f 567 661 667
f 661 662 668
f 667 661 668
f 662 663 668
f 668 663 669
f 663 664 670
f 664 665 670
f 669 663 670
f 670 665 671
f 600 601 672
f 665 666 672
f 666 600 672
f 671 665 672
f 568 567 673
f 567 667 673
f 673 667 674
f 667 668 674
f 668 669 675
f 674 668 675
f 675 669 676
f 669 670 676
f 670 671 677
f 676 670 677
f 601 602 678
f 672 601 678
f 671 672 678
f 677 671 678
f 569 568 679
f 568 673 679
f 673 674 680
f 679 673 680
f 674 675 681
f 680 674 681
f 675 676 682
f 681 675 682
f 676 677 683
f 682 676 683
f 602 603 684
f 603 604 684
f 683 677 684
f 678 602 684
f 677 678 684
f 570 569 685
f 569 679 685
f 685 679 686
f 679 680 686
f 686 680 687
f 680 681 687
f 681 682 687
f 687 682 688
f 683 684 689
f 688 682 689
f 682 683 689
f 689 684 690
f 684 604 690
f 571 570 691
f 570 685 691
f 691 685 692
f 685 686 692
f 686 687 693
f 692 686 693
f 687 688 694
f 693 687 694
f 688 689 695
f 694 688 695
f 689 690 696
f 690 604 696
f 695 689 696
f 604 605 696
f 605 606 696
f 572 571 697
f 571 691 697
f 691 692 698
f 697 691 698
f 692 693 698
f 698 693 699
f 693 694 700
f 699 693 700
f 694 695 701
f 695 696 701
f 700 694 701
f 701 696 702
f 696 606 702
f 606 607 702
f 573 572 703
f 572 697 703
f 703 697 704
f 697 698 704
f 704 698 705
f 698 699 705
f 705 699 706
f 699 700 706
f 700 701 707
f 701 702 707
f 706 700 707
f 702 607 708
f 707 702 708
f 574 573 709
f 573 703 709
f 709 703 710
f 703 704 710
f 704 705 710
f 710 705 711
f 705 706 712
f 711 705 712
f 706 707 713
f 712 706 713
f 607 608 714
f 708 607 714
f 707 708 714
f 713 707 714
f 575 574 715
f 709 710 715
f 574 709 715
f 715 710 716
f 716 710 717
f 710 711 717
f 711 712 717
f 717 712 718
f 718 712 719
f 712 713 719
f 713 714 719
f 719 714 720
f 608 609 720
f 714 608 720
f 576 575 721
f 575 715 721
f 721 715 722
f 715 716 722
f 722 716 723
f 716 717 723
f 717 718 724
f 723 717 724
f 724 718 725
f 718 719 725
f 719 720 725
f 720 609 726
f 725 720 726
f 609 610 726
f 577 576 727
f 576 721 727
f 721 722 728
f 727 721 728
f 722 723 729
f 728 722 729
f 723 724 730
f 729 723 730
f 730 724 731
f 724 725 731
f 731 725 732
f 725 726 732
f 726 610 732
f 610 611 732
f 578 577 733
f 727 728 733
f 577 727 733
f 733 728 734
f 728 729 735
f 734 728 735
f 729 730 736
f 735 729 736
f 730 731 737
f 731 732 737
f 736 730 737
f 737 732 738
f 732 611 738
f 611 612 738
f 579 578 739
f 578 733 739
f 733 734 739
f 739 734 740
f 734 735 741
f 740 734 741
f 735 736 742
f 736 737 742
f 741 735 742
f 742 737 743
f 737 738 744
f 612 613 744
f 743 737 744
f 738 612 744
f 580 579 745
f 579 739 745
f 745 739 746
f 739 740 746
f 740 741 747
f 746 740 747
f 747 741 748
f 741 742 748
f 742 743 748
f 748 743 749
f 613 614 750
f 744 613 750
f 743 744 750
f 749 743 750
f 581 580 751
f 580 745 751
f 751 745 752
f 745 746 752
f 752 746 753
f 746 747 753
f 753 747 754
f 747 748 754
f 749 750 755
f 754 748 755
f 748 749 755
f 755 750 756
f 614 615 756
f 750 614 756
f 582 581 757
f 581 751 757
f 751 752 758
f 757 751 758
f 752 753 759
f 758 752 759
f 753 754 760
f 759 753 760
f 754 755 760
f 760 755 761
f 756 615 762
f 761 755 762
f 615 616 762
f 755 756 762
f 582 757 763
f 583 582 763
f 757 758 764
f 763 757 764
f 758 759 765
f 764 758 765
f 759 760 766
f 765 759 766
f 766 760 767
f 760 761 767
f 767 761 768
f 761 762 768
f 762 616 768
f 616 617 768
f 583 763 769
f 584 583 769
f 585 584 769
f 586 585 769
f 587 586 770
f 769 763 770
f 586 769 770
f 763 764 770
f 588 587 771
f 764 765 771
f 587 770 771
f 770 764 771
f 766 767 772
f 589 588 772
f 765 766 772
f 588 771 772
f 771 765 772
f 590 589 773
f 589 772 773
f 772 767 773
f 591 590 774
f 592 591 774
f 767 768 774
f 768 617 774
f 617 618 774
f 618 592 774
f 590 773 774
f 773 767 774
f 831 801 800
f 829 830 832
f 802 776 775
f 804 805 803
f 833 799 798
f 833 800 799
f 833 831 800
f 834 831 833
f 834 827 828
f 834 828 829
f 834 832 831
f 834 829 832
f 835 797 796
f 835 798 797
f 835 833 798
f 835 834 833
f 836 825 826
f 836 826 827
f 836 834 835
f 836 827 834
f 837 795 794
f 837 796 795
f 837 835 796
f 838 836 835
f 838 823 824
f 838 824 825
f 838 825 836
f 838 835 837
f 839 793 792
f 839 794 793
f 839 837 794
f 839 838 837
f 840 823 838
f 840 821 822
f 840 822 823
f 840 838 839
f 841 791 790
f 841 792 791
f 841 839 792
f 842 821 840
f 842 819 820
f 842 820 821
f 842 839 841
f 842 840 839
f 843 789 788
f 843 790 789
f 843 841 790
f 844 842 841
f 844 817 818
f 844 818 819
f 844 819 842
f 844 841 843
f 845 787 786
f 845 788 787
f 845 843 788
f 846 844 843
f 846 815 816
f 846 816 817
f 846 843 845
f 846 817 844
f 847 845 786
f 847 785 784
f 847 786 785
f 848 845 847
f 848 846 845
f 848 813 814
f 848 814 815
f 848 815 846
f 849 783 782
f 849 784 783
f 849 847 784
f 850 813 848
f 850 811 812
f 850 812 813
f 850 848 847
f 850 847 849
f 851 781 780
f 851 782 781
f 851 849 782
f 852 850 849
f 852 809 810
f 852 810 811
f 852 811 850
f 852 849 851
f 853 779 778
f 853 780 779
f 853 851 780
f 854 852 851
f 854 807 808
f 854 808 809
f 854 851 853
f 854 809 852
f 855 777 776
f 855 778 777
f 855 776 802
f 855 853 778
f 856 802 803
f 856 805 806
f 856 806 807
f 856 807 854
f 856 855 802
f 856 803 805
f 856 854 853
f 856 853 855
f 910 904 903
f 909 910 902
f 910 903 902
f 908 909 901
f 909 902 901
f 907 908 900
f 908 901 900
f 906 907 899
f 907 900 899
f 905 906 898
f 906 899 898
f 876 905 897
f 905 898 897
f 875 876 896
f 876 897 896
f 874 875 895
f 875 896 895
f 873 874 894
f 874 895 894
f 872 873 893
f 873 894 893
f 871 872 892
f 872 893 892
f 871 892 891
f 870 871 891
f 869 870 890
f 870 891 890
f 868 869 889
f 869 890 889
f 868 889 888
f 867 868 888
f 866 867 887
f 867 888 887
f 865 866 886
f 866 887 886
f 864 865 885
f 865 886 885
f 863 864 884
f 864 885 884
f 862 863 883
f 863 884 883
f 861 862 882
f 862 883 882
f 860 861 881
f 861 882 881
f 859 860 880
f 860 881 880
f 858 859 879
f 859 880 879
f 857 858 878
f 858 879 878
f 857 878 877
f 959 958 957
f 960 959 956
f 959 957 956
f 961 960 955
f 960 956 955
f 962 961 954
f 961 955 954
f 963 962 953
f 962 954 953
f 964 963 952
f 963 953 952
f 911 964 951
f 964 952 951
f 912 911 950
f 911 951 950
f 913 912 949
f 912 950 949
f 914 913 948
f 913 949 948
f 915 914 947
f 914 948 947
f 915 947 946
f 916 915 946
f 916 946 945
f 917 916 945
f 918 917 944
f 917 945 944
f 919 918 943
f 918 944 943
f 920 919 942
f 919 943 942
f 921 920 941
f 920 942 941
f 922 921 940
f 921 941 940
f 923 922 939
f 922 940 939
f 924 923 938
f 923 939 938
f 925 924 937
f 924 938 937
f 926 925 936
f 925 937 936
f 927 926 935
f 926 936 935
f 928 927 934
f 927 935 934
f 929 928 933
f 928 934 933
f 930 929 932
f 929 933 932
f 930 932 931
f 966 965 1021
f 1022 995 996
f 991 990 992
f 993 1020 994
f 967 966 1023
f 968 967 1023
f 966 1021 1023
f 969 968 1024
f 970 969 1024
f 968 1023 1024
f 1023 1021 1025
f 996 997 1025
f 997 998 1025
f 1021 1022 1025
f 1022 996 1025
f 971 970 1026
f 972 971 1026
f 970 1024 1026
f 1023 1025 1027
f 1025 998 1027
f 1024 1023 1027
f 998 999 1027
f 999 1000 1027
f 973 972 1028
f 974 973 1028
f 972 1026 1028
f 1000 1001 1029
f 1026 1024 1029
f 1001 1002 1029
f 1024 1027 1029
f 1027 1000 1029
f 974 1028 1030
f 975 974 1030
f 976 975 1030
f 1029 1002 1031
f 1002 1003 1031
f 1003 1004 1031
f 1026 1029 1031
f 1028 1026 1031
f 977 976 1032
f 978 977 1032
f 976 1030 1032
f 1028 1031 1033
f 1032 1030 1033
f 1004 1005 1033
f 1005 1006 1033
f 1030 1028 1033
f 1031 1004 1033
f 979 978 1034
f 980 979 1034
f 978 1032 1034
f 1033 1006 1035
f 1006 1007 1035
f 1007 1008 1035
f 1032 1033 1035
f 981 980 1036
f 982 981 1036
f 980 1034 1036
f 1034 1032 1037
f 1008 1009 1037
f 1009 1010 1037
f 1035 1008 1037
f 1032 1035 1037
f 983 982 1038
f 984 983 1038
f 982 1036 1038
f 1037 1010 1039
f 1034 1037 1039
f 1010 1011 1039
f 1011 1012 1039
f 1036 1034 1039
f 985 984 1040
f 986 985 1040
f 984 1038 1040
f 1040 1038 1041
f 1038 1036 1041
f 1039 1012 1041
f 1012 1013 1041
f 1013 1014 1041
f 1036 1039 1041
f 987 986 1042
f 988 987 1042
f 986 1040 1042
f 1041 1014 1043
f 1014 1015 1043
f 1015 1016 1043
f 1042 1040 1043
f 1040 1041 1043
f 988 1042 1044
f 989 988 1044
f 990 989 1044
f 992 990 1044
f 1044 1042 1045
f 1016 1017 1045
f 1017 1018 1045
f 1043 1016 1045
f 1042 1043 1045
f 993 992 1046
f 1044 1045 1046
f 1018 1019 1046
f 1019 1020 1046
f 1045 1018 1046
f 1020 993 1046
f 992 1044 1046
f 1093 1090 1091
f 1092 1064 1065
f 1060 1059 1061
f 1062 1089 1063
f 1094 1093 1105
f 1095 1094 1105
f 1093 1091 1105
f 1095 1105 1106
f 1096 1095 1106
f 1097 1096 1106
f 1065 1066 1107
f 1066 1067 1107
f 1105 1091 1107
f 1091 1092 1107
f 1092 1065 1107
f 1097 1106 1108
f 1098 1097 1108
f 1099 1098 1108
f 1106 1105 1109
f 1067 1068 1109
f 1068 1069 1109
f 1105 1107 1109
f 1107 1067 1109
f 1100 1099 1110
f 1101 1100 1110
f 1099 1108 1110
f 1069 1070 1111
f 1070 1071 1111
f 1106 1109 1111
f 1109 1069 1111
f 1108 1106 1111
f 1102 1101 1112
f 1103 1102 1112
f 1101 1110 1112
f 1111 1071 1113
f 1071 1072 1113
f 1072 1073 1113
f 1110 1108 1113
f 1108 1111 1113
f 1112 1110 1113
f 1104 1103 1114
f 1047 1104 1114
f 1103 1112 1114
f 1073 1074 1115
f 1074 1075 1115
f 1112 1113 1115
f 1113 1073 1115
f 1048 1047 1116
f 1049 1048 1116
f 1047 1114 1116
f 1112 1115 1117
f 1075 1076 1117
f 1076 1077 1117
f 1115 1075 1117
f 1114 1112 1117
f 1050 1049 1118
f 1051 1050 1118
f 1049 1116 1118
f 1077 1078 1119
f 1078 1079 1119
f 1116 1114 1119
f 1114 1117 1119
f 1117 1077 1119
f 1052 1051 1120
f 1053 1052 1120
f 1051 1118 1120
f 1116 1119 1121
f 1079 1080 1121
f 1080 1081 1121
f 1120 1118 1121
f 1118 1116 1121
f 1119 1079 1121
f 1054 1053 1122
f 1055 1054 1122
f 1053 1120 1122
f 1120 1121 1123
f 1081 1082 1123
f 1082 1083 1123
f 1121 1081 1123
f 1056 1055 1124
f 1057 1056 1124
f 1055 1122 1124
f 1123 1083 1125
f 1120 1123 1125
f 1083 1084 1125
f 1084 1085 1125
f 1122 1120 1125
f 1061 1059 1126
f 1058 1057 1126
f 1059 1058 1126
f 1057 1124 1126
f 1126 1124 1127
f 1085 1086 1127
f 1086 1087 1127
f 1122 1125 1127
f 1124 1122 1127
f 1125 1085 1127
f 1127 1087 1128
f 1062 1061 1128
f 1061 1126 1128
f 1087 1088 1128
f 1088 1089 1128
f 1126 1127 1128
f 1089 1062 1128
f 1163 1156 1129
f 1162 1163 1130
f 1163 1129 1130
f 1161 1162 1131
f 1162 1130 1131
f 1160 1161 1132
f 1161 1131 1132
f 1159 1160 1133
f 1160 1132 1133
f 1158 1159 1134
f 1159 1133 1134
f 1157 1158 1135
f 1158 1134 1135
f 1182 1157 1136
f 1157 1135 1136
f 1181 1182 1137
f 1182 1136 1137
f 1180 1181 1138
f 1181 1137 1138
f 1179 1180 1139
f 1180 1138 1139
f 1178 1179 1140
f 1179 1139 1140
f 1178 1140 1141
f 1177 1178 1141
f 1177 1141 1142
f 1176 1177 1142
f 1176 1142 1143
f 1175 1176 1143
f 1175 1143 1144
f 1174 1175 1144
f 1174 1144 1145
f 1173 1174 1145
f 1173 1145 1146
f 1172 1173 1146
f 1172 1146 1147
f 1171 1172 1147
f 1171 1147 1148
f 1170 1171 1148
f 1169 1170 1149
f 1170 1148 1149
f 1168 1169 1150
f 1169 1149 1150
f 1167 1168 1151
f 1168 1150 1151
f 1166 1167 1152
f 1167 1151 1152
f 1165 1166 1153
f 1166 1152 1153
f 1164 1165 1154
f 1165 1153 1154
f 1164 1154 1155
f 1185 1186 1225
f 1186 1187 1226
f 1225 1186 1226
f 1184 1185 1224
f 1185 1225 1224
f 1187 1188 1227
f 1226 1187 1227
f 1183 1184 1223
f 1184 1224 1223
f 1188 1189 1228
f 1227 1188 1228
f 1183 1223 1222
f 1189 1190 1229
f 1228 1189 1229
f 1208 1183 1221
f 1183 1222 1221
f 1190 1191 1230
f 1229 1190 1230
f 1207 1208 1220
f 1208 1221 1220
f 1191 1192 1231
f 1230 1191 1231
f 1206 1207 1219
f 1207 1220 1219
f 1231 1192 1232
f 1232 1192 1193
f 1206 1219 1218
f 1206 1218 1205
f 1232 1193 1194
f 1233 1232 1194
f 1233 1194 1234
f 1205 1218 1204
f 1217 1216 1204
f 1218 1217 1204
f 1234 1194 1195
f 1209 1234 1195
f 1204 1216 1203
f 1216 1215 1203
f 1209 1195 1196
f 1203 1215 1202
f 1210 1209 1197
f 1209 1196 1197
f 1202 1215 1201
f 1214 1213 1201
f 1215 1214 1201
f 1211 1210 1198
f 1210 1197 1198
f 1201 1213 1200
f 1212 1211 1199
f 1213 1212 1199
f 1211 1198 1199
f 1200 1213 1199
f 1263 1262 1261
f 1264 1263 1260
f 1263 1261 1260
f 1265 1264 1259
f 1264 1260 1259
f 1266 1265 1258
f 1265 1259 1258
f 1267 1266 1257
f 1266 1258 1257
f 1268 1267 1256
f 1267 1257 1256
f 1269 1268 1255
f 1268 1256 1255
f 1270 1269 1254
f 1269 1255 1254
f 1270 1254 1253
f 1271 1270 1252
f 1270 1253 1252
f 1272 1271 1251
f 1273 1272 1251
f 1271 1252 1251
f 1273 1251 1250
f 1274 1273 1250
f 1274 1250 1249
f 1275 1274 1249
f 1275 1249 1248
f 1275 1248 1247
f 1276 1275 1247
f 1277 1276 1247
f 1277 1247 1246
f 1277 1246 1245
f 1278 1277 1245
f 1278 1245 1244
f 1279 1278 1244
f 1279 1244 1243
f 1280 1279 1243
f 1281 1280 1243
f 1281 1243 1242
f 1281 1242 1241
f 1282 1281 1241
f 1283 1282 1241
f 1283 1241 1240
f 1283 1240 1239
f 1284 1283 1239
f 1284 1239 1238
f 1285 1284 1238
f 1286 1285 1237
f 1285 1238 1237
f 1287 1286 1236
f 1286 1237 1236
f 1287 1236 1235
f 1288 1287 1235
f 1323 1316 1289
f 1322 1323 1290
f 1323 1289 1290
f 1321 1322 1291
f 1322 1290 1291
f 1320 1321 1292
f 1321 1291 1292
f 1319 1320 1293
f 1320 1292 1293
f 1318 1319 1294
f 1319 1293 1294
f 1317 1318 1295
f 1318 1294 1295
f 1342 1317 1296
f 1317 1295 1296
f 1341 1342 1297
f 1342 1296 1297
f 1340 1341 1298
f 1341 1297 1298
f 1339 1340 1299
f 1340 1298 1299
f 1338 1339 1300
f 1339 1299 1300
f 1338 1300 1301
f 1337 1338 1301
f 1337 1301 1302
f 1336 1337 1302
f 1336 1302 1303
f 1335 1336 1303
f 1335 1303 1304
f 1334 1335 1304
f 1334 1304 1305
f 1333 1334 1305
f 1333 1305 1306
f 1332 1333 1306
f 1332 1306 1307
f 1331 1332 1307
f 1331 1307 1308
f 1330 1331 1308
f 1329 1330 1309
f 1330 1308 1309
f 1328 1329 1310
f 1329 1309 1310
f 1327 1328 1311
f 1328 1310 1311
f 1326 1327 1312
f 1327 1311 1312
f 1325 1326 1313
f 1326 1312 1313
f 1324 1325 1314
f 1325 1313 1314
f 1324 1314 1315
f 1345 1346 1385
f 1346 1347 1386
f 1385 1346 1386
f 1344 1345 1384
f 1345 1385 1384
f 1347 1348 1387
f 1386 1347 1387
f 1343 1344 1383
f 1344 1384 1383
f 1348 1349 1388
f 1387 1348 1388
f 1343 1383 1382
f 1349 1350 1389
f 1388 1349 1389
f 1368 1343 1381
f 1343 1382 1381
f 1350 1351 1390
f 1389 1350 1390
f 1367 1368 1380
f 1368 1381 1380
f 1351 1352 1391
f 1390 1351 1391
f 1366 1367 1379
f 1367 1380 1379
f 1392 1391 1353
f 1391 1352 1353
f 1366 1379 1378
f 1366 1378 1365
f 1392 1353 1354
f 1393 1392 1354
f 1393 1354 1394
f 1365 1378 1364
f 1377 1376 1364
f 1378 1377 1364
f 1394 1354 1355
f 1369 1394 1355
f 1364 1376 1363
f 1376 1375 1363
f 1369 1355 1356
f 1363 1375 1362
f 1369 1356 1357
f 1370 1369 1357
f 1374 1373 1361
f 1375 1374 1361
f 1362 1375 1361
f 1371 1370 1358
f 1370 1357 1358
f 1361 1373 1360
f 1371 1358 1359
f 1372 1371 1359
f 1373 1372 1359
f 1360 1373 1359
f 1423 1422 1421
f 1424 1423 1420
f 1423 1421 1420
f 1425 1424 1419
f 1424 1420 1419
f 1426 1425 1418
f 1425 1419 1418
f 1427 1426 1417
f 1426 1418 1417
f 1428 1427 1416
f 1427 1417 1416
f 1429 1428 1415
f 1428 1416 1415
f 1430 1429 1414
f 1429 1415 1414
f 1430 1414 1413
f 1431 1430 1412
f 1430 1413 1412
f 1432 1431 1411
f 1433 1432 1411
f 1431 1412 1411
f 1433 1411 1410
f 1434 1433 1410
f 1434 1410 1409
f 1435 1434 1409
f 1435 1409 1408
f 1435 1408 1407
f 1436 1435 1407
f 1437 1436 1407
f 1437 1407 1406
f 1437 1406 1405
f 1438 1437 1405
f 1438 1405 1404
f 1439 1438 1404
f 1439 1404 1403
f 1440 1439 1403
f 1441 1440 1403
f 1441 1403 1402
f 1441 1402 1401
f 1442 1441 1401
f 1443 1442 1401
f 1443 1401 1400
f 1443 1400 1399
f 1444 1443 1399
f 1444 1399 1398
f 1445 1444 1398
f 1446 1445 1397
f 1445 1398 1397
f 1447 1446 1396
f 1446 1397 1396
f 1447 1396 1395
f 1448 1447 1395
f 1481 1482 1483
f 1481 1483 1516
f 1480 1516 1515
f 1480 1481 1516
f 1479 1515 1514
f 1479 1480 1515
f 1513 1479 1514
f 1478 1479 1513
f 1477 1513 1512
f 1477 1478 1513
f 1476 1512 1511
f 1476 1477 1512
f 1475 1511 1510
f 1475 1476 1511
f 1509 1475 1510
f 1474 1475 1509
f 1473 1509 1508
f 1473 1474 1509
f 1507 1473 1508
f 1472 1473 1507
f 1471 1472 1507
f 1471 1507 1506
f 1470 1471 1506
f 1470 1506 1505
f 1469 1470 1505
f 1469 1505 1504
f 1468 1469 1504
f 1468 1504 1503
f 1467 1468 1503
f 1467 1503 1502
f 1466 1467 1502
f 1466 1502 1501
f 1465 1466 1501
f 1465 1501 1500
f 1464 1465 1500
f 1464 1500 1499
f 1463 1464 1499
f 1463 1499 1498
f 1462 1498 1497
f 1462 1463 1498
f 1496 1462 1497
f 1461 1462 1496
f 1460 1496 1495
f 1460 1461 1496
f 1459 1495 1494
f 1459 1460 1495
f 1458 1494 1493
f 1458 1459 1494
f 1457 1493 1492
f 1457 1458 1493
f 1456 1492 1491
f 1456 1457 1492
f 1455 1491 1490
f 1455 1456 1491
f 1454 1490 1489
f 1454 1455 1490
f 1453 1489 1488
f 1453 1454 1489
f 1452 1488 1487
f 1452 1453 1488
f 1451 1487 1486
f 1451 1452 1487
f 1450 1486 1485
f 1450 1451 1486
f 1449 1450 1485
f 1449 1485 1484
f 1553 1517 1518
f 1553 1552 1517
f 1554 1518 1519
f 1554 1553 1518
f 1555 1519 1520
f 1555 1554 1519
f 1521 1555 1520
f 1556 1555 1521
f 1557 1521 1522
f 1557 1556 1521
f 1558 1522 1523
f 1558 1557 1522
f 1524 1558 1523
f 1559 1558 1524
f 1560 1559 1524
f 1560 1524 1525
f 1561 1560 1525
f 1561 1525 1526
f 1562 1526 1527
f 1562 1561 1526
f 1563 1527 1528
f 1563 1562 1527
f 1564 1528 1529
f 1564 1563 1528
f 1565 1529 1530
f 1565 1564 1529
f 1566 1530 1531
f 1566 1565 1530
f 1567 1531 1532
f 1567 1566 1531
f 1533 1567 1532
f 1568 1567 1533
f 1569 1533 1534
f 1569 1568 1533
f 1570 1534 1535
f 1570 1569 1534
f 1571 1535 1536
f 1571 1570 1535
f 1572 1536 1537
f 1572 1571 1536
f 1573 1537 1538
f 1573 1572 1537
f 1574 1538 1539
f 1574 1573 1538
f 1575 1539 1540
f 1575 1574 1539
f 1541 1575 1540
f 1576 1575 1541
f 1542 1576 1541
f 1577 1576 1542
f 1578 1542 1543
f 1578 1577 1542
f 1579 1543 1544
f 1579 1578 1543
f 1580 1544 1545
f 1580 1579 1544
f 1581 1545 1546
f 1581 1580 1545
f 1547 1581 1546
f 1582 1581 1547
f 1583 1547 1548
f 1583 1582 1547
f 1584 1548 1549
f 1584 1583 1548
f 1550 1584 1549
f 1551 1584 1550
f 1591 1592 1638
f 1590 1591 1637
f 1591 1638 1637
f 1589 1590 1636
f 1590 1637 1636
f 1588 1589 1635
f 1589 1636 1635
f 1587 1588 1634
f 1588 1635 1634
f 1586 1587 1633
f 1587 1634 1633
f 1585 1586 1632
f 1586 1633 1632
f 1611 1585 1631
f 1585 1632 1631
f 1610 1611 1630
f 1611 1631 1630
f 1609 1610 1629
f 1610 1630 1629
f 1608 1609 1628
f 1609 1629 1628
f 1608 1628 1627
f 1607 1608 1627
f 1607 1627 1626
f 1606 1607 1626
f 1606 1626 1625
f 1605 1606 1625
f 1605 1625 1624
f 1604 1605 1624
f 1603 1604 1623
f 1604 1624 1623
f 1602 1603 1622
f 1603 1623 1622
f 1601 1602 1621
f 1602 1622 1621
f 1600 1601 1620
f 1601 1621 1620
f 1599 1600 1619
f 1600 1620 1619
f 1598 1599 1618
f 1599 1619 1618
f 1597 1598 1617
f 1598 1618 1617
f 1596 1597 1616
f 1597 1617 1616
f 1595 1596 1615
f 1596 1616 1615
f 1594 1595 1614
f 1595 1615 1614
f 1593 1594 1613
f 1594 1614 1613
f 1593 1613 1612
f 1687 1686 1660
f 1688 1687 1661
f 1687 1660 1661
f 1689 1688 1662
f 1688 1661 1662
f 1690 1689 1663
f 1689 1662 1663
f 1691 1690 1664
f 1690 1663 1664
f 1692 1691 1665
f 1691 1664 1665
f 1639 1692 1666
f 1692 1665 1666
f 1640 1639 1667
f 1639 1666 1667
f 1641 1640 1668
f 1640 1667 1668
f 1642 1641 1669
f 1641 1668 1669
f 1643 1642 1670
f 1642 1669 1670
f 1643 1670 1671
f 1644 1643 1671
f 1645 1644 1672
f 1644 1671 1672
f 1646 1645 1673
f 1645 1672 1673
f 1647 1646 1674
f 1646 1673 1674
f 1648 1647 1675
f 1647 1674 1675
f 1649 1648 1676
f 1648 1675 1676
f 1650 1649 1677
f 1649 1676 1677
f 1651 1650 1678
f 1650 1677 1678
f 1652 1651 1679
f 1651 1678 1679
f 1653 1652 1680
f 1652 1679 1680
f 1654 1653 1681
f 1653 1680 1681
f 1655 1654 1682
f 1654 1681 1682
f 1656 1655 1683
f 1655 1682 1683
f 1657 1656 1684
f 1656 1683 1684
f 1658 1657 1685
f 1657 1684 1685
f 1658 1685 1659
o P054
f 1718 1719 1745
f 1719 1746 1745
f 1716 1717 1744
f 1717 1718 1744
f 1718 1745 1744
f 1715 1716 1743
f 1716 1744 1743
f 1715 1743 1742
f 1714 1715 1741
f 1715 1742 1741
f 1713 1714 1740
f 1714 1741 1740
f 1712 1713 1739
f 1713 1740 1739
f 1711 1712 1738
f 1712 1739 1738
f 1710 1711 1737
f 1711 1738 1737
f 1709 1710 1736
f 1710 1737 1736
f 1709 1736 1735
f 1708 1709 1735
f 1708 1735 1734
f 1706 1707 1734
f 1707 1708 1734
f 1706 1734 1733
f 1705 1706 1732
f 1706 1733 1732
f 1705 1732 1731
f 1703 1704 1731
f 1704 1705 1731
f 1703 1731 1730
f 1702 1703 1729
f 1703 1730 1729
f 1701 1702 1728
f 1702 1729 1728
f 1699 1700 1727
f 1700 1701 1727
f 1701 1728 1727
f 1698 1699 1726
f 1699 1727 1726
f 1698 1726 1725
f 1697 1698 1724
f 1698 1725 1724
f 1695 1696 1723
f 1696 1697 1723
f 1697 1724 1723
f 1695 1723 1722
f 1693 1694 1721
f 1694 1695 1721
f 1695 1722 1721
f 1693 1721 1720
f 1814 1780 1779
f 1813 1814 1779
f 1812 1779 1778
f 1812 1813 1779
f 1811 1777 1776
f 1811 1778 1777
f 1811 1812 1778
f 1810 1811 1776
f 1809 1775 1774
f 1809 1776 1775
f 1809 1810 1776
f 1808 1809 1774
f 1807 1774 1773
f 1807 1808 1774
f 1806 1807 1773
f 1806 1773 1772
f 1805 1806 1772
f 1805 1771 1770
f 1805 1772 1771
f 1804 1805 1770
f 1803 1804 1770
f 1803 1769 1768
f 1803 1770 1769
f 1802 1803 1768
f 1801 1802 1768
f 1801 1768 1767
f 1800 1767 1766
f 1800 1801 1767
f 1799 1765 1764
f 1799 1766 1765
f 1799 1800 1766
f 1798 1799 1764
f 1797 1764 1763
f 1797 1798 1764
f 1796 1763 1762
f 1796 1797 1763
f 1795 1762 1761
f 1795 1796 1762
f 1794 1761 1760
f 1794 1795 1761
f 1793 1760 1759
f 1793 1794 1760
f 1792 1758 1757
f 1792 1759 1758
f 1792 1793 1759
f 1791 1792 1757
f 1790 1756 1755
f 1790 1757 1756
f 1790 1791 1757
f 1789 1790 1755
f 1788 1755 1754
f 1788 1789 1755
f 1787 1754 1753
f 1787 1788 1754
f 1786 1753 1752
f 1786 1787 1753
f 1785 1752 1751
f 1785 1786 1752
f 1784 1750 1749
f 1784 1751 1750
f 1784 1785 1751
f 1783 1784 1749
f 1782 1749 1748
f 1782 1783 1749
f 1781 1748 1747
f 1781 1782 1748
f 1865 1834 1835
f 1865 1835 1836
f 1866 1836 1837
f 1866 1865 1836
f 1971 1970 1839
f 1969 1839 1970
f 1972 1971 1839
f 1968 1839 1969
f 1840 1972 1839
f 1997 1832 1833
f 1997 1996 1832
f 1973 1972 1840
f 1995 1832 1996
f 1967 1839 1968
f 1998 1997 1833
f 1974 1973 1840
f 1864 1833 1834
f 1864 1834 1865
f 1867 1837 1838
f 1867 1866 1837
f 1994 1832 1995
f 1966 1838 1839
f 1966 1839 1967
f 1999 1998 1833
f 1975 1974 1840
f 1993 1832 1994
f 1976 1975 1840
f 1831 1832 1993
f 2000 1999 1833
f 1992 1831 1993
f 1977 1976 1840
f 1978 1977 1840
f 1991 1831 1992
f 1868 1867 1838
f 1868 1964 1963
f 1868 1965 1964
f 1868 1966 1965
f 1868 1838 1966
f 1863 1833 1864
f 1863 2000 1833
f 1863 2001 2000
f 1863 2002 2001
f 1990 1831 1991
f 2003 2002 1863
f 1989 1831 1990
f 2004 2003 1863
f 1841 1978 1840
f 1841 1955 1954
f 1841 1979 1978
f 1841 1954 1979
f 1869 1868 1963
f 1869 1959 1958
f 1869 1960 1959
f 1869 1961 1960
f 1869 1962 1961
f 1869 1963 1962
f 1862 2004 1863
f 1862 2005 2004
f 1862 1980 2005
f 1981 1980 1862
f 1982 1981 1862
f 1830 1831 1989
f 1830 1987 1986
f 1830 1988 1987
f 1830 1989 1988
f 1870 1869 1958
f 1870 1955 1841
f 1870 1956 1955
f 1870 1957 1956
f 1870 1958 1957
f 1861 1830 1986
f 1861 1982 1862
f 1861 1983 1982
f 1861 1984 1983
f 1861 1985 1984
f 1861 1986 1985
f 1842 1870 1841
f 1871 1870 1842
f 1860 1829 1830
f 1860 1830 1861
f 1843 1871 1842
f 1919 1871 1843
f 1892 1829 1860
f 1918 1872 1871
f 1918 1871 1919
f 1893 1860 1859
f 1893 1892 1860
f 1894 1893 1859
f 1917 1872 1918
f 1891 1828 1829
f 1891 1829 1892
f 1920 1919 1843
f 1890 1828 1891
f 1895 1894 1859
f 1921 1920 1843
f 1916 1872 1917
f 1889 1828 1890
f 1896 1895 1859
f 1915 1872 1916
f 1922 1921 1843
f 1888 1828 1889
f 1897 1896 1859
f 1914 1872 1915
f 1923 1922 1843
f 1887 1828 1888
f 1898 1897 1859
f 1913 1872 1914
f 1899 1898 1859
f 1912 1872 1913
f 1844 1924 1923
f 1844 1925 1924
f 1844 1926 1925
f 1844 1923 1843
f 1927 1926 1844
f 1902 1927 1844
f 1827 1828 1887
f 1827 1883 1882
f 1827 1884 1883
f 1827 1885 1884
f 1827 1886 1885
f 1827 1887 1886
f 1873 1872 1912
f 1873 1907 1906
f 1873 1908 1907
f 1873 1909 1908
f 1873 1910 1909
f 1873 1911 1910
f 1873 1912 1911
f 1858 1899 1859
f 1858 1877 1876
f 1858 1878 1877
f 1858 1879 1878
f 1858 1900 1899
f 1858 1901 1900
f 1858 1876 1901
f 1845 1902 1844
f 1845 1903 1902
f 1845 1904 1903
f 1845 1905 1904
f 1874 1873 1906
f 1874 1905 1845
f 1874 1906 1905
f 1857 1879 1858
f 1857 1880 1879
f 1826 1827 1882
f 1826 1881 1880
f 1826 1882 1881
f 1826 1880 1857
f 1846 1875 1874
f 1846 1874 1845
f 1825 1826 1857
f 1825 1857 1856
f 2023 2022 1875
f 2021 1875 2022
f 2024 2023 1875
f 1848 2021 2020
f 1848 1875 2021
f 2025 1875 1846
f 2025 2024 1875
f 2019 1848 2020
f 2026 2025 1846
f 2018 1848 2019
f 2017 1848 2018
f 1847 2027 2026
f 1847 2028 2027
f 1847 2026 1846
f 1945 1856 1855
f 1945 1944 1856
f 1943 1856 1944
f 1946 1945 1855
f 1942 1825 1856
f 1942 1856 1943
f 2029 2028 1847
f 1947 1946 1855
f 1849 2017 2016
f 1849 1848 2017
f 2015 1849 2016
f 1948 1947 1855
f 1824 1941 1940
f 1824 1942 1941
f 1824 1825 1942
f 2030 2029 1847
f 1949 1948 1855
f 1939 1824 1940
f 2014 1849 2015
f 1950 1855 1854
f 1950 1949 1855
f 1938 1824 1939
f 1951 1950 1854
f 2013 1849 2014
f 1937 1824 1938
f 1952 1951 1854
f 1936 1824 1937
f 1953 1952 1854
f 1815 2031 2030
f 1815 2006 2031
f 1815 2030 1847
f 1815 2007 2006
f 1815 2008 2007
f 1823 1931 1930
f 1823 1932 1931
f 1823 1933 1932
f 1823 1934 1933
f 1823 1935 1934
f 1823 1936 1935
f 1823 1824 1936
f 1816 2008 1815
f 1816 2009 2008
f 1816 2010 2009
f 1816 2011 2010
f 1816 2012 2011
f 1822 1929 1928
f 1822 1930 1929
f 1822 1823 1930
f 1822 1928 1953
f 1822 1953 1854
f 1817 2012 1816
f 1817 1850 1849
f 1817 1849 2013
f 1817 2013 2012
f 1821 1854 1853
f 1821 1822 1854
f 1818 1851 1850
f 1818 1850 1817
f 1820 1853 1852
f 1820 1821 1853
f 1819 1820 1852
f 1819 1852 1851
f 1819 1851 1818
f 2056 2174 2175
f 2174 2056 2173
f 2056 2175 2176
f 2054 2053 2083
f 2052 2051 2082
f 2053 2052 2082
f 2083 2053 2082
f 2173 2056 2172
f 2056 2055 2171
f 2172 2056 2171
f 2176 2177 2057
f 2177 2178 2057
f 2056 2176 2057
f 2171 2055 2196
f 2057 2178 2179
f 2051 2050 2081
f 2082 2051 2081
f 2055 2054 2084
f 2054 2083 2084
f 2057 2179 2180
f 2057 2180 2181
f 2057 2181 2182
f 2196 2055 2085
f 2193 2194 2085
f 2194 2195 2085
f 2195 2196 2085
f 2055 2084 2085
f 2050 2049 2080
f 2081 2050 2080
f 2057 2182 2058
f 2182 2183 2058
f 2183 2184 2058
f 2184 2185 2058
f 2193 2085 2086
f 2188 2189 2086
f 2189 2190 2086
f 2190 2191 2086
f 2191 2192 2086
f 2192 2193 2086
f 2049 2048 2079
f 2080 2049 2079
f 2058 2185 2087
f 2188 2086 2087
f 2185 2186 2087
f 2186 2187 2087
f 2187 2188 2087
f 2048 2047 2078
f 2079 2048 2078
f 2058 2087 2059
f 2059 2087 2088
f 2047 2046 2077
f 2078 2047 2077
f 2059 2088 2060
f 2088 2089 2135
f 2076 2077 2109
f 2077 2046 2110
f 2109 2077 2110
f 2135 2089 2136
f 2076 2109 2108
f 2088 2135 2134
f 2060 2088 2134
f 2046 2045 2111
f 2110 2046 2111
f 2136 2089 2137
f 2076 2108 2107
f 2060 2134 2133
f 2137 2089 2138
f 2111 2045 2112
f 2076 2107 2106
f 2060 2133 2132
f 2138 2089 2139
f 2112 2045 2113
f 2076 2106 2105
f 2060 2132 2131
f 2113 2045 2114
f 2139 2089 2140
f 2076 2105 2104
f 2060 2131 2130
f 2114 2045 2115
f 2140 2089 2141
f 2076 2104 2103
f 2141 2089 2142
f 2060 2130 2061
f 2128 2127 2061
f 2129 2128 2061
f 2130 2129 2061
f 2061 2127 2126
f 2115 2045 2044
f 2094 2093 2044
f 2116 2115 2044
f 2117 2116 2044
f 2118 2117 2044
f 2093 2118 2044
f 2143 2142 2090
f 2144 2143 2090
f 2119 2144 2090
f 2142 2089 2090
f 2120 2119 2090
f 2121 2120 2090
f 2122 2121 2090
f 2076 2103 2075
f 2097 2096 2075
f 2098 2097 2075
f 2099 2098 2075
f 2100 2099 2075
f 2101 2100 2075
f 2102 2101 2075
f 2103 2102 2075
f 2061 2126 2062
f 2124 2123 2062
f 2125 2124 2062
f 2126 2125 2062
f 2062 2123 2091
f 2122 2090 2091
f 2123 2122 2091
f 2096 2095 2074
f 2075 2096 2074
f 2095 2094 2043
f 2094 2044 2043
f 2074 2095 2043
f 2091 2092 2063
f 2062 2091 2063
f 2073 2074 2042
f 2074 2043 2042
f 2073 2148 2149
f 2072 2073 2149
f 2148 2073 2147
f 2072 2149 2150
f 2092 2065 2064
f 2063 2092 2064
f 2073 2042 2146
f 2147 2073 2146
f 2072 2150 2151
f 2146 2042 2145
f 2072 2151 2152
f 2072 2152 2153
f 2145 2042 2041
f 2170 2145 2041
f 2170 2041 2169
f 2072 2153 2154
f 2071 2072 2154
f 2169 2041 2168
f 2071 2154 2155
f 2168 2041 2167
f 2071 2155 2156
f 2167 2041 2166
f 2071 2156 2157
f 2064 2065 2032
f 2160 2161 2040
f 2161 2162 2040
f 2162 2163 2040
f 2163 2164 2040
f 2164 2165 2040
f 2165 2166 2040
f 2166 2041 2040
f 2065 2066 2033
f 2032 2065 2033
f 2157 2158 2039
f 2158 2159 2039
f 2159 2160 2039
f 2071 2157 2039
f 2160 2040 2039
f 2033 2066 2034
f 2066 2067 2034
f 2070 2071 2038
f 2071 2039 2038
f 2034 2067 2035
f 2067 2068 2035
f 2069 2070 2037
f 2070 2038 2037
f 2035 2068 2036
f 2068 2069 2036
f 2069 2037 2036
f 2222 2223 2239
f 2223 2238 2239
f 2221 2222 2240
f 2222 2239 2240
f 2220 2221 2241
f 2221 2240 2241
f 2219 2220 2242
f 2220 2241 2242
f 2218 2219 2243
f 2219 2242 2243
f 2217 2218 2244
f 2218 2243 2244
f 2216 2217 2245
f 2217 2244 2245
f 2215 2216 2246
f 2216 2245 2246
f 2214 2215 2247
f 2215 2246 2247
f 2213 2214 2248
f 2214 2247 2248
f 2213 2248 2249
f 2212 2213 2249
f 2212 2249 2250
f 2211 2212 2250
f 2211 2250 2225
f 2210 2211 2225
f 2209 2210 2226
f 2210 2225 2226
f 2208 2209 2227
f 2209 2226 2227
f 2207 2208 2228
f 2208 2227 2228
f 2205 2206 2229
f 2206 2207 2229
f 2207 2228 2229
f 2205 2229 2230
f 2204 2205 2231
f 2205 2230 2231
f 2203 2204 2232
f 2204 2231 2232
f 2202 2203 2233
f 2203 2232 2233
f 2201 2202 2234
f 2202 2233 2234
f 2200 2201 2235
f 2201 2234 2235
f 2198 2199 2236
f 2199 2200 2236
f 2200 2235 2236
f 2197 2198 2237
f 2198 2236 2237
f 2197 2237 2224
f 2267 2264 2263
f 2270 2272 2271
f 2265 2266 2284
f 2265 2284 2285
f 2262 2261 2286
f 2263 2262 2286
f 2266 2267 2286
f 2267 2263 2286
f 2284 2266 2286
f 2265 2285 2287
f 2260 2259 2288
f 2261 2260 2288
f 2286 2261 2288
f 2285 2284 2288
f 2284 2286 2288
f 2265 2287 2289
f 2258 2257 2290
f 2259 2258 2290
f 2288 2259 2290
f 2287 2285 2290
f 2285 2288 2290
f 2265 2289 2291
f 2256 2255 2292
f 2257 2256 2292
f 2287 2290 2292
f 2290 2257 2292
f 2289 2287 2292
f 2265 2291 2293
f 2254 2253 2294
f 2255 2254 2294
f 2292 2255 2294
f 2291 2289 2294
f 2289 2292 2294
f 2268 2265 2295
f 2265 2293 2295
f 2252 2251 2296
f 2253 2252 2296
f 2291 2294 2296
f 2293 2291 2296
f 2294 2253 2296
f 2268 2295 2297
f 2297 2295 2298
f 2283 2282 2298
f 2251 2283 2298
f 2293 2296 2298
f 2295 2293 2298
f 2296 2251 2298
f 2268 2297 2299
f 2297 2298 2300
f 2281 2280 2300
f 2282 2281 2300
f 2298 2282 2300
f 2268 2299 2301
f 2297 2300 2302
f 2300 2280 2302
f 2279 2278 2302
f 2280 2279 2302
f 2299 2297 2302
f 2268 2301 2303
f 2301 2299 2304
f 2302 2278 2304
f 2277 2276 2304
f 2278 2277 2304
f 2299 2302 2304
f 2269 2268 2305
f 2270 2269 2305
f 2268 2303 2305
f 2303 2301 2306
f 2304 2276 2306
f 2275 2274 2306
f 2276 2275 2306
f 2305 2303 2306
f 2301 2304 2306
f 2272 2270 2307
f 2305 2306 2307
f 2270 2305 2307
f 2273 2272 2307
f 2274 2273 2307
f 2306 2274 2307
f 2333 2334 2350
f 2334 2349 2350
f 2332 2333 2351
f 2333 2350 2351
f 2331 2332 2352
f 2332 2351 2352
f 2330 2331 2353
f 2331 2352 2353
f 2329 2330 2354
f 2330 2353 2354
f 2328 2329 2355
f 2329 2354 2355
f 2327 2328 2356
f 2328 2355 2356
f 2326 2327 2357
f 2327 2356 2357
f 2325 2326 2358
f 2326 2357 2358
f 2324 2325 2359
f 2325 2358 2359
f 2324 2359 2360
f 2323 2324 2360
f 2323 2360 2361
f 2322 2323 2361
f 2322 2361 2336
f 2321 2322 2336
f 2320 2321 2337
f 2321 2336 2337
f 2319 2320 2338
f 2320 2337 2338
f 2318 2319 2339
f 2319 2338 2339
f 2316 2317 2340
f 2317 2318 2340
f 2318 2339 2340
f 2316 2340 2341
f 2315 2316 2342
f 2316 2341 2342
f 2314 2315 2343
f 2315 2342 2343
f 2313 2314 2344
f 2314 2343 2344
f 2312 2313 2345
f 2313 2344 2345
f 2311 2312 2346
f 2312 2345 2346
f 2309 2310 2347
f 2310 2311 2347
f 2311 2346 2347
f 2308 2309 2348
f 2309 2347 2348
f 2308 2348 2335
f 2378 2375 2374
f 2381 2383 2382
f 2376 2377 2395
f 2376 2395 2396
f 2373 2372 2397
f 2374 2373 2397
f 2377 2378 2397
f 2378 2374 2397
f 2395 2377 2397
f 2376 2396 2398
f 2371 2370 2399
f 2372 2371 2399
f 2397 2372 2399
f 2396 2395 2399
f 2395 2397 2399
f 2376 2398 2400
f 2369 2368 2401
f 2370 2369 2401
f 2399 2370 2401
f 2398 2396 2401
f 2396 2399 2401
f 2376 2400 2402
f 2367 2366 2403
f 2368 2367 2403
f 2398 2401 2403
f 2401 2368 2403
f 2400 2398 2403
f 2376 2402 2404
f 2365 2364 2405
f 2366 2365 2405
f 2403 2366 2405
f 2402 2400 2405
f 2400 2403 2405
f 2379 2376 2406
f 2376 2404 2406
f 2363 2362 2407
f 2364 2363 2407
f 2402 2405 2407
f 2404 2402 2407
f 2405 2364 2407
f 2379 2406 2408
f 2408 2406 2409
f 2394 2393 2409
f 2362 2394 2409
f 2404 2407 2409
f 2406 2404 2409
f 2407 2362 2409
f 2379 2408 2410
f 2408 2409 2411
f 2392 2391 2411
f 2393 2392 2411
f 2409 2393 2411
f 2379 2410 2412
f 2408 2411 2413
f 2411 2391 2413
f 2390 2389 2413
f 2391 2390 2413
f 2410 2408 2413
f 2379 2412 2414
f 2412 2410 2415
f 2413 2389 2415
f 2388 2387 2415
f 2389 2388 2415
f 2410 2413 2415
f 2380 2379 2416
f 2381 2380 2416
f 2379 2414 2416
f 2414 2412 2417
f 2415 2387 2417
f 2386 2385 2417
f 2387 2386 2417
f 2416 2414 2417
f 2412 2415 2417
f 2383 2381 2418
f 2416 2417 2418
f 2381 2416 2418
f 2384 2383 2418
f 2385 2384 2418
f 2417 2385 2418
f 2420 2419 2448
f 2419 2447 2448
f 2421 2420 2449
f 2420 2448 2449
f 2422 2421 2450
f 2421 2449 2450
f 2423 2422 2451
f 2422 2450 2451
f 2424 2423 2452
f 2423 2451 2452
f 2425 2424 2453
f 2426 2425 2453
f 2424 2452 2453
f 2426 2453 2454
f 2427 2426 2455
f 2428 2427 2455
f 2426 2454 2455
f 2428 2455 2456
f 2429 2428 2457
f 2428 2456 2457
f 2429 2457 2458
f 2430 2429 2458
f 2431 2430 2458
f 2431 2458 2459
f 2431 2459 2460
f 2432 2431 2460
f 2433 2432 2461
f 2432 2460 2461
f 2434 2433 2461
f 2434 2461 2462
f 2435 2434 2463
f 2436 2435 2463
f 2434 2462 2463
f 2436 2463 2464
f 2437 2436 2465
f 2436 2464 2465
f 2438 2437 2466
f 2437 2465 2466
f 2439 2438 2467
f 2438 2466 2467
f 2440 2439 2468
f 2441 2440 2468
f 2439 2467 2468
f 2441 2468 2469
f 2442 2441 2470
f 2441 2469 2470
f 2443 2442 2471
f 2442 2470 2471
f 2444 2443 2472
f 2443 2471 2472
f 2445 2444 2446
f 2444 2472 2446
f 2474 2473 2502
f 2473 2501 2502
f 2475 2474 2503
f 2474 2502 2503
f 2476 2475 2504
f 2475 2503 2504
f 2477 2476 2505
f 2476 2504 2505
f 2478 2477 2506
f 2477 2505 2506
f 2479 2478 2507
f 2478 2506 2507
f 2480 2479 2508
f 2479 2507 2508
f 2481 2480 2509
f 2480 2508 2509
f 2482 2481 2510
f 2483 2482 2510
f 2481 2509 2510
f 2484 2483 2511
f 2483 2510 2511
f 2484 2511 2512
f 2484 2512 2513
f 2485 2484 2513
f 2486 2485 2513
f 2486 2513 2514
f 2486 2514 2515
f 2487 2486 2515
f 2488 2487 2515
f 2488 2515 2516
f 2489 2488 2517
f 2490 2489 2517
f 2488 2516 2517
f 2490 2517 2518
f 2491 2490 2519
f 2490 2518 2519
f 2492 2491 2520
f 2491 2519 2520
f 2493 2492 2521
f 2492 2520 2521
f 2494 2493 2522
f 2495 2494 2522
f 2493 2521 2522
f 2495 2522 2523
f 2496 2495 2524
f 2497 2496 2524
f 2495 2523 2524
f 2497 2524 2525
f 2498 2497 2526
f 2497 2525 2526
f 2499 2498 2500
f 2498 2526 2500
f 2559 2560 2561
f 2559 2561 2594
f 2558 2594 2593
f 2558 2559 2594
f 2557 2593 2592
f 2557 2558 2593
f 2591 2557 2592
f 2556 2557 2591
f 2555 2591 2590
f 2555 2556 2591
f 2554 2590 2589
f 2554 2555 2590
f 2553 2589 2588
f 2553 2554 2589
f 2552 2553 2588
f 2552 2588 2587
f 2551 2552 2587
f 2551 2587 2586
f 2550 2551 2586
f 2550 2586 2585
f 2549 2550 2585
f 2549 2585 2584
f 2548 2549 2584
f 2548 2584 2583
f 2547 2548 2583
f 2547 2583 2582
f 2546 2547 2582
f 2546 2582 2581
f 2545 2546 2581
f 2545 2581 2580
f 2544 2545 2580
f 2544 2580 2579
f 2543 2544 2579
f 2543 2579 2578
f 2577 2543 2578
f 2542 2543 2577
f 2541 2542 2577
f 2541 2577 2576
f 2540 2576 2575
f 2540 2541 2576
f 2539 2575 2574
f 2539 2540 2575
f 2538 2574 2573
f 2538 2539 2574
f 2572 2538 2573
f 2537 2538 2572
f 2536 2572 2571
f 2536 2537 2572
f 2535 2571 2570
f 2535 2536 2571
f 2534 2570 2569
f 2534 2535 2570
f 2533 2569 2568
f 2533 2534 2569
f 2532 2568 2567
f 2532 2533 2568
f 2566 2532 2567
f 2531 2532 2566
f 2530 2566 2565
f 2530 2531 2566
f 2564 2530 2565
f 2529 2530 2564
f 2563 2529 2564
f 2528 2529 2563
f 2527 2563 2562
f 2527 2528 2563
f 2631 2595 2596
f 2631 2630 2595
f 2632 2596 2597
f 2632 2631 2596
f 2633 2597 2598
f 2633 2632 2597
f 2634 2598 2599
f 2634 2633 2598
f 2635 2599 2600
f 2635 2634 2599
f 2636 2600 2601
f 2636 2635 2600
f 2637 2601 2602
f 2637 2636 2601
f 2638 2637 2602
f 2638 2602 2603
f 2639 2638 2603
f 2639 2603 2604
f 2640 2604 2605
f 2640 2639 2604
f 2606 2640 2605
f 2641 2640 2606
f 2642 2606 2607
f 2642 2641 2606
f 2643 2607 2608
f 2643 2642 2607
f 2644 2608 2609
f 2644 2643 2608
f 2645 2609 2610
f 2645 2644 2609
f 2646 2610 2611
f 2646 2645 2610
f 2647 2611 2612
f 2647 2646 2611
f 2613 2647 2612
f 2648 2647 2613
f 2649 2613 2614
f 2649 2648 2613
f 2650 2614 2615
f 2650 2649 2614
f 2651 2615 2616
f 2651 2650 2615
f 2652 2616 2617
f 2652 2651 2616
f 2618 2652 2617
f 2653 2652 2618
f 2619 2653 2618
f 2654 2653 2619
f 2655 2619 2620
f 2655 2654 2619
f 2656 2620 2621
f 2656 2655 2620
f 2657 2621 2622
f 2657 2656 2621
f 2658 2622 2623
f 2658 2657 2622
f 2624 2658 2623
f 2659 2658 2624
f 2660 2624 2625
f 2660 2659 2624
f 2661 2625 2626
f 2661 2660 2625
f 2662 2626 2627
f 2662 2661 2626
f 2629 2662 2627
f 2629 2627 2628
f 2690 2689 2688
f 2716 2690 2688
f 2715 2716 2687
f 2716 2688 2687
f 2714 2715 2686
f 2715 2687 2686
f 2713 2714 2685
f 2714 2686 2685
f 2712 2713 2684
f 2713 2685 2684
f 2711 2712 2683
f 2712 2684 2683
f 2710 2711 2682
f 2711 2683 2682
f 2708 2709 2681
f 2709 2710 2681
f 2710 2682 2681
f 2708 2681 2680
f 2708 2680 2679
f 2707 2708 2679
f 2707 2679 2678
f 2706 2707 2678
f 2706 2678 2677
f 2705 2706 2677
f 2705 2677 2676
f 2703 2704 2676
f 2704 2705 2676
f 2703 2676 2675
f 2703 2675 2674
f 2702 2703 2674
f 2702 2674 2673
f 2701 2702 2673
f 2701 2673 2672
f 2700 2701 2672
f 2700 2672 2671
f 2699 2700 2671
f 2698 2699 2670
f 2699 2671 2670
f 2698 2670 2669
f 2697 2698 2669
f 2695 2696 2668
f 2696 2697 2668
f 2697 2669 2668
f 2695 2668 2667
f 2694 2695 2666
f 2695 2667 2666
f 2693 2694 2665
f 2694 2666 2665
f 2692 2693 2664
f 2693 2665 2664
f 2691 2692 2663
f 2692 2664 2663
f 2740 2741 2759
f 2739 2740 2760
f 2740 2759 2760
f 2741 2742 2758
f 2759 2741 2758
f 2738 2739 2761
f 2739 2760 2761
f 2742 2717 2757
f 2758 2742 2757
f 2737 2738 2762
f 2738 2761 2762
f 2717 2718 2756
f 2757 2717 2756
f 2736 2737 2763
f 2737 2762 2763
f 2756 2718 2755
f 2755 2718 2719
f 2735 2736 2764
f 2736 2763 2764
f 2755 2719 2754
f 2734 2735 2765
f 2735 2764 2765
f 2754 2719 2720
f 2754 2720 2753
f 2734 2765 2766
f 2734 2766 2733
f 2753 2720 2721
f 2752 2753 2721
f 2733 2766 2767
f 2733 2767 2732
f 2732 2767 2768
f 2752 2721 2722
f 2751 2752 2722
f 2732 2768 2731
f 2751 2722 2723
f 2750 2751 2723
f 2743 2744 2730
f 2731 2768 2730
f 2768 2743 2730
f 2749 2750 2724
f 2750 2723 2724
f 2744 2745 2729
f 2730 2744 2729
f 2748 2749 2725
f 2749 2724 2725
f 2729 2745 2728
f 2745 2746 2728
f 2746 2747 2726
f 2747 2748 2726
f 2748 2725 2726
f 2728 2746 2727
f 2746 2726 2727
f 2822 2810 2809
f 2821 2822 2808
f 2822 2809 2808
f 2820 2821 2807
f 2821 2808 2807
f 2819 2820 2806
f 2820 2807 2806
f 2818 2819 2805
f 2819 2806 2805
f 2818 2805 2804
f 2816 2817 2803
f 2817 2818 2803
f 2818 2804 2803
f 2815 2816 2802
f 2816 2803 2802
f 2815 2802 2801
f 2813 2814 2800
f 2814 2815 2800
f 2815 2801 2800
f 2812 2813 2799
f 2813 2800 2799
f 2811 2812 2798
f 2812 2799 2798
f 2811 2798 2797
f 2811 2797 2796
f 2781 2782 2796
f 2782 2811 2796
f 2781 2796 2795
f 2780 2781 2794
f 2781 2795 2794
f 2779 2780 2793
f 2780 2794 2793
f 2778 2779 2792
f 2779 2793 2792
f 2777 2778 2791
f 2778 2792 2791
f 2776 2777 2790
f 2777 2791 2790
f 2774 2775 2789
f 2775 2776 2789
f 2776 2790 2789
f 2774 2789 2788
f 2772 2773 2787
f 2773 2774 2787
f 2774 2788 2787
f 2772 2787 2786
f 2771 2772 2785
f 2772 2786 2785
f 2770 2771 2784
f 2771 2785 2784
f 2769 2770 2783
f 2770 2784 2783
f 2850 2849 2848
f 2876 2850 2848
f 2875 2876 2847
f 2876 2848 2847
f 2874 2875 2846
f 2875 2847 2846
f 2873 2874 2845
f 2874 2846 2845
f 2872 2873 2844
f 2873 2845 2844
f 2871 2872 2843
f 2872 2844 2843
f 2870 2871 2842
f 2871 2843 2842
f 2868 2869 2841
f 2869 2870 2841
f 2870 2842 2841
f 2868 2841 2840
f 2868 2840 2839
f 2867 2868 2839
f 2867 2839 2838
f 2866 2867 2838
f 2866 2838 2837
f 2865 2866 2837
f 2865 2837 2836
f 2863 2864 2836
f 2864 2865 2836
f 2863 2836 2835
f 2863 2835 2834
f 2862 2863 2834
f 2862 2834 2833
f 2861 2862 2833
f 2861 2833 2832
f 2860 2861 2832
f 2860 2832 2831
f 2859 2860 2831
f 2858 2859 2830
f 2859 2831 2830
f 2858 2830 2829
f 2857 2858 2829
f 2855 2856 2828
f 2856 2857 2828
f 2857 2829 2828
f 2855 2828 2827
f 2854 2855 2826
f 2855 2827 2826
f 2853 2854 2825
f 2854 2826 2825
f 2852 2853 2824
f 2853 2825 2824
f 2851 2852 2823
f 2852 2824 2823
f 2900 2901 2919
f 2899 2900 2920
f 2900 2919 2920
f 2901 2902 2918
f 2919 2901 2918
f 2898 2899 2921
f 2899 2920 2921
f 2902 2877 2917
f 2918 2902 2917
f 2897 2898 2922
f 2898 2921 2922
f 2877 2878 2916
f 2917 2877 2916
f 2896 2897 2923
f 2897 2922 2923
f 2916 2878 2915
f 2915 2878 2879
f 2895 2896 2924
f 2896 2923 2924
f 2915 2879 2914
f 2894 2895 2925
f 2895 2924 2925
f 2914 2879 2880
f 2914 2880 2913
f 2894 2925 2926
f 2894 2926 2893
f 2913 2880 2881
f 2912 2913 2881
f 2893 2926 2927
f 2893 2927 2892
f 2892 2927 2928
f 2912 2881 2882
f 2911 2912 2882
f 2892 2928 2891
f 2911 2882 2883
f 2910 2911 2883
f 2903 2904 2890
f 2891 2928 2890
f 2928 2903 2890
f 2909 2910 2884
f 2910 2883 2884
f 2904 2905 2889
f 2890 2904 2889
f 2908 2909 2885
f 2909 2884 2885
f 2889 2905 2888
f 2905 2906 2888
f 2906 2907 2886
f 2907 2908 2886
f 2908 2885 2886
f 2888 2906 2887
f 2906 2886 2887
f 2982 2970 2969
f 2981 2982 2968
f 2982 2969 2968
f 2980 2981 2967
f 2981 2968 2967
f 2979 2980 2966
f 2980 2967 2966
f 2978 2979 2965
f 2979 2966 2965
f 2978 2965 2964
f 2976 2977 2963
f 2977 2978 2963
f 2978 2964 2963
f 2975 2976 2962
f 2976 2963 2962
f 2975 2962 2961
f 2973 2974 2960
f 2974 2975 2960
f 2975 2961 2960
f 2972 2973 2959
f 2973 2960 2959
f 2971 2972 2958
f 2972 2959 2958
f 2971 2958 2957
f 2971 2957 2956
f 2941 2942 2956
f 2942 2971 2956
f 2941 2956 2955
f 2940 2941 2954
f 2941 2955 2954
f 2939 2940 2953
f 2940 2954 2953
f 2938 2939 2952
f 2939 2953 2952
f 2937 2938 2951
f 2938 2952 2951
f 2936 2937 2950
f 2937 2951 2950
f 2934 2935 2949
f 2935 2936 2949
f 2936 2950 2949
f 2934 2949 2948
f 2932 2933 2947
f 2933 2934 2947
f 2934 2948 2947
f 2932 2947 2946
f 2931 2932 2945
f 2932 2946 2945
f 2930 2931 2944
f 2931 2945 2944
f 2929 2930 2943
f 2930 2944 2943
f 3010 3009 3011
f 3011 3009 3008
f 3011 3008 3012
f 3012 3008 3007
f 3012 3007 3013
f 3013 3007 3006
f 3013 3006 3014
f 3014 3006 3005
f 3014 3005 3015
f 3015 3005 3004
f 3015 3004 3016
f 3016 3004 3003
f 3016 3003 3017
f 3017 3003 3002
f 3017 3002 3018
f 3018 3002 3001
f 3018 3001 3019
f 3019 3001 3000
f 3019 3000 3020
f 3020 3000 2999
f 3020 2999 3021
f 3021 2999 2998
f 3021 2998 3022
f 3022 2998 2997
f 3022 2997 3023
f 3023 2997 2996
f 3023 2996 3024
f 3024 2996 2995
f 3024 2995 2994
f 3025 3024 2994
f 3025 2994 2993
f 3026 3025 2993
f 3026 2993 2992
f 3027 3026 2992
f 3027 2992 3028
f 3028 2992 2991
f 3028 2991 2990
f 3029 3028 2990
f 3029 2990 2989
f 3030 3029 2989
f 3030 2989 2988
f 3031 3030 2988
f 3031 2988 2987
f 3032 3031 2987
f 3032 2987 2986
f 3033 3032 2986
f 3034 3033 2985
f 3033 2986 2985
f 3035 3034 2984
f 3034 2985 2984
f 3035 2984 3036
f 3036 2984 2983
f 3051 3037 3038
f 3052 3051 3038
f 3053 3052 3039
f 3052 3038 3039
f 3054 3053 3040
f 3053 3039 3040
f 3055 3054 3041
f 3054 3040 3041
f 3056 3055 3042
f 3055 3041 3042
f 3057 3056 3043
f 3056 3042 3043
f 3058 3057 3044
f 3057 3043 3044
f 3059 3058 3045
f 3058 3044 3045
f 3060 3059 3046
f 3059 3045 3046
f 3061 3060 3047
f 3060 3046 3047
f 3062 3061 3048
f 3061 3047 3048
f 3062 3048 3049
f 3063 3062 3049
f 3063 3049 3050
f 3064 3063 3050
f 3064 3050 3079
f 3065 3064 3079
f 3066 3065 3079
f 3066 3079 3080
f 3066 3080 3081
f 3067 3066 3081
f 3067 3081 3082
f 3068 3067 3082
f 3069 3068 3082
f 3069 3082 3083
f 3069 3083 3084
f 3070 3069 3084
f 3071 3070 3085
f 3072 3071 3085
f 3070 3084 3085
f 3072 3085 3086
f 3073 3072 3087
f 3072 3086 3087
f 3074 3073 3088
f 3073 3087 3088
f 3075 3074 3089
f 3074 3088 3089
f 3076 3075 3090
f 3075 3089 3090
f 3077 3076 3078
f 3076 3090 3078
f 3118 3117 3119
f 3119 3117 3116
f 3119 3116 3120
f 3120 3116 3115
f 3120 3115 3121
f 3121 3115 3114
f 3121 3114 3122
f 3122 3114 3113
f 3122 3113 3123
f 3123 3113 3112
f 3123 3112 3124
f 3124 3112 3111
f 3124 3111 3125
f 3125 3111 3110
f 3125 3110 3126
f 3126 3110 3109
f 3126 3109 3127
f 3127 3109 3108
f 3127 3108 3128
f 3128 3108 3107
f 3128 3107 3129
f 3129 3107 3106
f 3129 3106 3130
f 3130 3106 3105
f 3130 3105 3131
f 3131 3105 3104
f 3131 3104 3132
f 3132 3104 3103
f 3132 3103 3102
f 3133 3132 3102
f 3133 3102 3101
f 3134 3133 3101
f 3134 3101 3100
f 3135 3134 3100
f 3135 3100 3136
f 3136 3100 3099
f 3136 3099 3098
f 3137 3136 3098
f 3137 3098 3097
f 3138 3137 3097
f 3138 3097 3096
f 3139 3138 3096
f 3139 3096 3095
f 3140 3139 3095
f 3140 3095 3094
f 3141 3140 3094
f 3142 3141 3093
f 3141 3094 3093
f 3143 3142 3092
f 3142 3093 3092
f 3143 3092 3144
f 3144 3092 3091
f 3159 3145 3146
f 3160 3159 3146
f 3161 3160 3147
f 3160 3146 3147
f 3162 3161 3148
f 3161 3147 3148
f 3163 3162 3149
f 3162 3148 3149
f 3164 3163 3150
f 3163 3149 3150
f 3165 3164 3151
f 3164 3150 3151
f 3166 3165 3152
f 3165 3151 3152
f 3167 3166 3153
f 3166 3152 3153
f 3168 3167 3154
f 3167 3153 3154
f 3169 3168 3155
f 3168 3154 3155
f 3170 3169 3156
f 3169 3155 3156
f 3170 3156 3157
f 3171 3170 3157
f 3171 3157 3158
f 3172 3171 3158
f 3172 3158 3187
f 3173 3172 3187
f 3174 3173 3187
f 3174 3187 3188
f 3174 3188 3189
f 3175 3174 3189
f 3175 3189 3190
f 3176 3175 3190
f 3177 3176 3190
f 3177 3190 3191
f 3177 3191 3192
f 3178 3177 3192
f 3179 3178 3193
f 3180 3179 3193
f 3178 3192 3193
f 3180 3193 3194
f 3181 3180 3195
f 3180 3194 3195
f 3182 3181 3196
f 3181 3195 3196
f 3183 3182 3197
f 3182 3196 3197
f 3184 3183 3198
f 3183 3197 3198
f 3185 3184 3186
f 3184 3198 3186
f 3233 3226 3199
f 3232 3233 3200
f 3233 3199 3200
f 3231 3232 3201
f 3232 3200 3201
f 3230 3231 3202
f 3231 3201 3202
f 3229 3230 3203
f 3230 3202 3203
f 3228 3229 3204
f 3229 3203 3204
f 3227 3228 3205
f 3228 3204 3205
f 3252 3227 3206
f 3227 3205 3206
f 3251 3252 3207
f 3252 3206 3207
f 3250 3251 3208
f 3251 3207 3208
f 3249 3250 3209
f 3250 3208 3209
f 3248 3249 3210
f 3249 3209 3210
f 3248 3210 3211
f 3247 3248 3211
f 3247 3211 3212
f 3246 3247 3212
f 3246 3212 3213
f 3245 3246 3213
f 3245 3213 3214
f 3244 3245 3214
f 3244 3214 3215
f 3243 3244 3215
f 3243 3215 3216
f 3242 3243 3216
f 3242 3216 3217
f 3241 3242 3217
f 3241 3217 3218
f 3240 3241 3218
f 3239 3240 3219
f 3240 3218 3219
f 3238 3239 3220
f 3239 3219 3220
f 3237 3238 3221
f 3238 3220 3221
f 3236 3237 3222
f 3237 3221 3222
f 3235 3236 3223
f 3236 3222 3223
f 3234 3235 3224
f 3235 3223 3224
f 3234 3224 3225
f 3287 3280 3253
f 3286 3287 3254
f 3287 3253 3254
f 3285 3286 3255
f 3286 3254 3255
f 3284 3285 3256
f 3285 3255 3256
f 3283 3284 3257
f 3284 3256 3257
f 3282 3283 3258
f 3283 3257 3258
f 3281 3282 3259
f 3282 3258 3259
f 3306 3281 3260
f 3281 3259 3260
f 3305 3306 3261
f 3306 3260 3261
f 3304 3305 3262
f 3305 3261 3262
f 3303 3304 3263
f 3304 3262 3263
f 3302 3303 3264
f 3303 3263 3264
f 3302 3264 3265
f 3301 3302 3265
f 3301 3265 3266
f 3300 3301 3266
f 3300 3266 3267
f 3299 3300 3267
f 3299 3267 3268
f 3298 3299 3268
f 3298 3268 3269
f 3297 3298 3269
f 3297 3269 3270
f 3296 3297 3270
f 3296 3270 3271
f 3295 3296 3271
f 3295 3271 3272
f 3294 3295 3272
f 3293 3294 3273
f 3294 3272 3273
f 3292 3293 3274
f 3293 3273 3274
f 3291 3292 3275
f 3292 3274 3275
f 3290 3291 3276
f 3291 3275 3276
f 3289 3290 3277
f 3290 3276 3277
f 3288 3289 3278
f 3289 3277 3278
f 3288 3278 3279
f 3336 3307 3308
f 3337 3336 3308
f 3338 3337 3309
f 3337 3308 3309
f 3339 3338 3310
f 3338 3309 3310
f 3340 3339 3311
f 3339 3310 3311
f 3341 3340 3312
f 3340 3311 3312
f 3342 3341 3313
f 3341 3312 3313
f 3343 3342 3314
f 3342 3313 3314
f 3344 3343 3315
f 3343 3314 3315
f 3344 3315 3316
f 3344 3316 3345
f 3345 3316 3317
f 3345 3317 3346
f 3346 3317 3318
f 3346 3318 3347
f 3347 3318 3319
f 3347 3319 3348
f 3348 3319 3320
f 3348 3320 3349
f 3349 3320 3321
f 3349 3321 3322
f 3350 3349 3322
f 3350 3322 3323
f 3351 3350 3323
f 3351 3323 3324
f 3352 3351 3324
f 3352 3324 3325
f 3353 3352 3325
f 3353 3325 3326
f 3354 3353 3326
f 3354 3326 3327
f 3355 3354 3327
f 3355 3327 3328
f 3356 3355 3328
f 3356 3328 3329
f 3357 3356 3329
f 3357 3329 3330
f 3357 3330 3358
f 3358 3330 3331
f 3358 3331 3359
f 3359 3331 3332
f 3359 3332 3360
f 3360 3332 3333
f 3360 3333 3361
f 3361 3333 3334
f 3361 3334 3362
f 3362 3334 3335
f 3388 3389 3417
f 3389 3418 3417
f 3387 3388 3416
f 3388 3417 3416
f 3386 3387 3415
f 3387 3416 3415
f 3385 3386 3414
f 3386 3415 3414
f 3384 3385 3413
f 3385 3414 3413
f 3383 3384 3412
f 3384 3413 3412
f 3382 3383 3411
f 3383 3412 3411
f 3381 3382 3410
f 3382 3411 3410
f 3381 3410 3409
f 3381 3409 3380
f 3380 3409 3408
f 3380 3408 3379
f 3379 3408 3407
f 3379 3407 3378
f 3378 3407 3406
f 3378 3406 3377
f 3377 3406 3405
f 3377 3405 3376
f 3376 3405 3404
f 3375 3376 3403
f 3376 3404 3403
f 3374 3375 3402
f 3375 3403 3402
f 3373 3374 3401
f 3374 3402 3401
f 3372 3373 3400
f 3373 3401 3400
f 3371 3372 3399
f 3372 3400 3399
f 3370 3371 3398
f 3371 3399 3398
f 3369 3370 3397
f 3370 3398 3397
f 3368 3369 3396
f 3369 3397 3396
f 3368 3396 3395
f 3368 3395 3367
f 3367 3395 3394
f 3367 3394 3366
f 3366 3394 3393
f 3366 3393 3365
f 3365 3393 3392
f 3365 3392 3364
f 3364 3392 3391
f 3364 3391 3363
f 3363 3391 3390
